frame,time_s,area_px2,area_mm2,coverage
0,0.0,209324.2120647164,0.0654519397524929,0.8166666666666667
1,0.01,209907.604830823,0.06563435624317313,0.825
2,0.02,209303.20085410253,0.06544536992247821,0.8166666666666667
3,0.03,209131.43002876054,0.06539166025554276,0.8194444444444444
4,0.04,201444.7911088827,0.06298818565257869,0.8138888888888889
5,0.05,210326.06803364496,0.06576520220728582,0.8138888888888889
6,0.06,209944.86156679867,0.06564600575860377,0.8222222222222222
7,0.07,207273.81952341466,0.06481081865255654,0.8222222222222222
8,0.08,203702.77454533128,0.0636942167150478,0.8194444444444444
9,0.09,209073.97243064494,0.06537369429158145,0.8222222222222222
10,0.1,202518.3893249492,0.06332388062576527,0.8138888888888889
11,0.11,210026.58325735774,0.06567155867058745,0.8194444444444444
12,0.12,202853.1149291439,0.06342854333947273,0.8138888888888889
13,0.13,201224.92414046347,0.06291943718135029,0.825
14,0.14,210297.92462584763,0.06575640226668931,0.8194444444444444
15,0.15,210659.41698251234,0.0658694344654781,0.8194444444444444
16,0.16,206242.71328773137,0.0644884101621546,0.8138888888888889
17,0.17,205429.27149676357,0.06423406145318573,0.8166666666666667
18,0.18,197574.3421370804,0.061777965437636806,0.8027777777777778
19,0.19,207042.732355582,0.064738561825516,0.8194444444444444
20,0.2,205036.33121830362,0.06411119605133658,0.8111111111111111
21,0.21,204341.29569553115,0.0638938708660958,0.8166666666666667
22,0.22,207909.57039448107,0.06500960658683415,0.8138888888888889
23,0.23,210787.94014809313,0.06590962136219405,0.8194444444444444
24,0.24,212509.213885046,0.0664478328945215,0.8083333333333333
25,0.25,207686.09961365745,0.0649397312678797,0.8138888888888889
26,0.26,209491.34779367203,0.06550420010763382,0.8166666666666667
27,0.27,202136.02504679156,0.06320432215018032,0.8166666666666667
28,0.28,208625.76451660244,0.06523354768791273,0.8111111111111111
29,0.29,209632.23761497648,0.06554825383655889,0.8138888888888889
30,0.3,210128.26171467666,0.06570335170683932,0.8138888888888889
31,0.31,209557.6193792849,0.06552492204794855,0.8166666666666667
32,0.32,210744.11145575167,0.06589591691347182,0.8166666666666667
33,0.33,217920.5008176725,0.06813984559961757,0.8111111111111111
34,0.34,212932.23339127924,0.06658010353327373,0.8138888888888889
35,0.35,210290.1968971248,0.06575398594403939,0.8111111111111111
36,0.36,211715.07443714325,0.0661995196832283,0.8166666666666667
37,0.37,213218.27642294092,0.06666954407667897,0.8027777777777778
38,0.38,222110.75792155217,0.06945006410136353,0.8138888888888889
39,0.39,215649.39436581914,0.06742971120478586,0.8166666666666667
40,0.4,201168.77489319438,0.06290188031531384,0.8111111111111111
41,0.41,215599.17490889435,0.06741400847820385,0.8111111111111111
42,0.42,224643.61390847852,0.07024204289742747,0.8194444444444444
43,0.43,223372.29298474343,0.06984452356755334,0.8138888888888889
44,0.44,212553.0654056607,0.06646154448123677,0.8138888888888889
45,0.45,221128.4723673534,0.06914292096546445,0.8166666666666667
46,0.46,216420.5274711632,0.06767083074396522,0.8138888888888889
47,0.47,220323.89080982987,0.06889134269313006,0.8166666666666667
48,0.48,215647.22199390983,0.06742903194291773,0.8055555555555556
49,0.49,216113.37389716212,0.06757478931129014,0.8111111111111111
50,0.5,218303.4369286798,0.06825958287711395,0.8194444444444444
51,0.51,219857.31792286946,0.0687454536906766,0.8222222222222222
52,0.52,213852.6136695842,0.06686788999586592,0.8194444444444444
53,0.53,220022.17403541526,0.06879700125051091,0.8222222222222222
54,0.54,219032.8529921443,0.0684876582429279,0.8138888888888889
55,0.55,219559.01469226016,0.06865217960219334,0.8111111111111111
56,0.56,213565.5974889167,0.06677814516616017,0.8138888888888889
57,0.57,211457.46755629088,0.06611897061592709,0.825
58,0.58,212560.2834133995,0.0664638014232455,0.8111111111111111
59,0.59,220244.30214014382,0.06886645673864879,0.8055555555555556
60,0.6,221881.55611104236,0.06937839679185988,0.8083333333333333
61,0.61,217482.8960857542,0.06800301442148292,0.8166666666666667
62,0.62,222555.7088729241,0.06958919231101854,0.8166666666666667
63,0.63,220045.32427086998,0.06880423991536146,0.8222222222222222
64,0.64,220065.2040372924,0.06881045596300038,0.8194444444444444
65,0.65,222352.10994095833,0.0695255305640221,0.8055555555555556
66,0.66,223267.68235473224,0.06981181369330887,0.8111111111111111
67,0.67,224181.10535584795,0.07009742473967498,0.8194444444444444
68,0.68,225534.0832333427,0.07052047673949269,0.8138888888888889
69,0.69,220574.63429336157,0.06896974569876219,0.8138888888888889
70,0.7,220464.13350847937,0.06893519407836732,0.8194444444444444
71,0.71,223222.32230018327,0.06979763041499516,0.8194444444444444
72,0.72,226769.47732465368,0.07090676239100667,0.8111111111111111
73,0.73,214097.6279858501,0.06694450159329438,0.8083333333333333
74,0.74,220622.04199710186,0.06898456924037931,0.8027777777777778
75,0.75,225626.90897378433,0.0705495016894062,0.8194444444444444
76,0.76,222792.3030105258,0.06966317106907693,0.8111111111111111
77,0.77,217890.36561884396,0.06813042286156591,0.8166666666666667
78,0.78,217867.75658060823,0.06812335341941265,0.8194444444444444
79,0.79,221451.49225713537,0.06924392351149734,0.8166666666666667
80,0.8,213518.92144281845,0.0667635504008104,0.8222222222222222
81,0.81,216868.82056726265,0.06781100398254065,0.8138888888888889
82,0.82,233800.06842780247,0.07310510256756225,0.8083333333333333
83,0.83,222221.33956768713,0.06948464100562685,0.8111111111111111
84,0.84,223686.01173724886,0.06994261781420391,0.8111111111111111
85,0.85,226611.7183585329,0.07085743398200849,0.8166666666666667
86,0.86,224195.07020231505,0.07010179129756432,0.8138888888888889
87,0.87,223527.4823132411,0.06989304849679527,0.825
88,0.88,219815.4502036347,0.06873236240319534,0.8166666666666667
89,0.89,223819.42422338997,0.06998433351406973,0.8222222222222222
90,0.9,216957.71655999823,0.06783880017058491,0.8194444444444444
91,0.91,223432.99388228756,0.0698635036532768,0.825
92,0.92,232769.19710047555,0.0727827675288047,0.8222222222222222
93,0.93,234312.2640469357,0.07326525698292743,0.8138888888888889
94,0.94,225522.90253842468,0.07051698073603016,0.8222222222222222
95,0.95,224597.24179412957,0.07022754316610338,0.8138888888888889
96,0.96,230075.0846062318,0.07194036670512377,0.8194444444444444
97,0.97,221472.98925545625,0.06925064523864528,0.8166666666666667
98,0.98,223217.82540795178,0.06979622431716966,0.8194444444444444
99,0.99,225761.03385404323,0.07059144014217965,0.8222222222222222
100,1.0,222950.4065139853,0.06971260720874287,0.8166666666666667
101,1.01,223657.01079863645,0.06993354973904863,0.8138888888888889
102,1.02,218852.60352668772,0.06843129745677176,0.8166666666666667
103,1.03,222445.03810610969,0.06955458754031167,0.8166666666666667
104,1.04,213936.13905324065,0.06689400689044281,0.8083333333333333
105,1.05,213576.49272045656,0.06678155191032656,0.8222222222222222
106,1.06,234170.6123726984,0.07322096503620722,0.8138888888888889
107,1.07,221905.35815601004,0.06938583926589499,0.8194444444444444
108,1.08,225653.48113660672,0.07055781032978271,0.8222222222222222
109,1.09,223346.80459749151,0.06983655380442683,0.8222222222222222
110,1.1,223913.0010848858,0.07001359332611172,0.8194444444444444
111,1.11,218544.33776688782,0.06833490826347605,0.8166666666666667
112,1.12,229317.9499959657,0.07170362424515289,0.8277777777777777
113,1.13,223378.72713135416,0.06984653541019768,0.8166666666666667
114,1.14,230431.23486692208,0.0720517285259834,0.8111111111111111
115,1.15,225047.40475990516,0.07036830107950538,0.8194444444444444
116,1.16,223035.98102228923,0.06973936482797195,0.8222222222222222
117,1.17,222031.92540579455,0.06942541458270055,0.8166666666666667
118,1.18,215337.71309852303,0.0673322540433432,0.8111111111111111
119,1.19,223154.61953871904,0.06977646097157185,0.8138888888888889
120,1.2,223902.12459589096,0.07001019244240417,0.8194444444444444
121,1.21,226986.88789512118,0.07097474279050003,0.8222222222222222
122,1.22,221001.68310857972,0.06910327623041605,0.8194444444444444
123,1.23,225148.7445958829,0.07039998823491621,0.8138888888888889
124,1.24,234010.94938001828,0.07317104127213557,0.8277777777777777
125,1.25,225902.79813016774,0.0706357672974974,0.8277777777777777
126,1.26,221726.86126806322,0.06933002647940142,0.8222222222222222
127,1.27,219392.73813769658,0.06860018789552835,0.8222222222222222
128,1.28,229795.25369762775,0.07185286858156616,0.8194444444444444
129,1.29,227347.84949223403,0.0710876090302635,0.8138888888888889
130,1.3,215202.22245218445,0.06728988853992768,0.8194444444444444
131,1.31,220972.04075218146,0.06909400759538353,0.8138888888888889
132,1.32,232070.7399914644,0.07256437247470286,0.8194444444444444
133,1.33,217602.38814403815,0.06804037745236481,0.825
134,1.34,230752.90682854227,0.07215230959897233,0.8055555555555556
135,1.35,234461.82710117914,0.07331202267677135,0.8111111111111111
136,1.36,221968.85924451883,0.0694056949212838,0.8083333333333333
137,1.37,223934.05102683455,0.07002017526672258,0.8277777777777777
138,1.38,223130.03022231092,0.06976877233182863,0.8194444444444444
139,1.39,230830.40081038058,0.07217654058200305,0.8194444444444444
140,1.4,225736.4298842393,0.07058374692058147,0.825
141,1.41,224419.89410814145,0.07017208971452202,0.8166666666666667
142,1.42,222178.3100721275,0.06947118645145384,0.825
143,1.43,225562.0987539376,0.07052923669204679,0.8166666666666667
144,1.44,232337.34947872703,0.07264773649612033,0.8194444444444444
145,1.45,222224.7683748151,0.06948571313233091,0.8166666666666667
146,1.46,219724.67491863453,0.0687039785940495,0.8222222222222222
147,1.47,222839.77129496113,0.06967801355319461,0.8194444444444444
148,1.48,222835.34417338078,0.06967662927140467,0.8222222222222222
149,1.49,225133.49496823602,0.07039521994891551,0.8138888888888889
150,1.5,229033.53859433797,0.07161469388329632,0.8055555555555556
151,1.51,224216.77114151837,0.07010857679338105,0.8166666666666667
152,1.52,217375.72382145547,0.06796950356998213,0.8166666666666667
153,1.53,216124.0722134637,0.06757813448358109,0.825
154,1.54,217300.7482687952,0.0679460600547422,0.8194444444444444
155,1.55,228146.91070753697,0.07133746119025344,0.8194444444444444
156,1.56,217111.36915863852,0.0678868445918672,0.8111111111111111
157,1.57,224254.91046955987,0.07012050227957564,0.8138888888888889
158,1.58,224067.00707311297,0.0700617482460015,0.8166666666666667
159,1.59,222725.17040949952,0.0696421799046318,0.8222222222222222
160,1.6,231100.38138946184,0.07226095868357894,0.8138888888888889
161,1.61,221945.2471297092,0.06939831183501441,0.8194444444444444
162,1.62,230651.80430983886,0.07212069664843149,0.8166666666666667
163,1.63,221364.780170183,0.0692168101917574,0.8166666666666667
164,1.64,215125.55987400454,0.06726591752196082,0.8194444444444444
165,1.65,221729.08415687387,0.06933072153700166,0.8222222222222222
166,1.66,224434.7080764476,0.07017672177763362,0.8055555555555556
167,1.67,222437.86456487564,0.06955234450218419,0.8055555555555556
168,1.68,218457.45515576447,0.06830774162387572,0.8111111111111111
169,1.69,223131.9234734952,0.0697693643176349,0.825
170,1.7,235829.60805504446,0.07373970333398706,0.8166666666666667
171,1.71,222773.8565229318,0.06965740318210993,0.8194444444444444
172,1.72,224423.77769884825,0.07017330404392261,0.8194444444444444
173,1.73,221560.74644675723,0.06927808534383534,0.8222222222222222
174,1.74,225777.73000443584,0.07059666072998848,0.8222222222222222
175,1.75,229713.42675289448,0.07182728275848346,0.8027777777777778
176,1.76,218658.3537402823,0.0683705590204899,0.825
177,1.77,233951.15227340916,0.07315234378568358,0.8194444444444444
178,1.78,223527.20110859926,0.06989296056912987,0.8166666666666667
179,1.79,225434.3756414799,0.07048929995764265,0.8083333333333333
180,1.8,223482.76237256377,0.06987906537064814,0.8166666666666667
181,1.81,225105.20054195443,0.07038637278753822,0.825
182,1.82,230702.04503063302,0.07213640602384538,0.8305555555555556
183,1.83,220735.42975777425,0.06902002356650334,0.8083333333333333
184,1.84,223629.0087712078,0.06992479400556643,0.8222222222222222
185,1.85,235622.0328014922,0.07367479826230137,0.8138888888888889
186,1.86,223013.8641070828,0.06973244926389398,0.8222222222222222
187,1.87,220909.52847049874,0.06907446112221576,0.8222222222222222
188,1.88,222728.39326024937,0.0696431876324576,0.8166666666666667
189,1.89,222163.8512068728,0.06946666542271948,0.825
190,1.9,227982.65394492703,0.07128610103643157,0.8194444444444444
191,1.91,226261.98237295714,0.07074807779033149,0.8194444444444444
192,1.92,216860.2829118343,0.06780833441028616,0.8166666666666667
193,1.93,217396.00506247816,0.0679758451515528,0.8138888888888889
194,1.94,213685.06746716305,0.06681550129300895,0.8138888888888889
195,1.95,217071.9820113288,0.06787452893489035,0.8138888888888889
196,1.96,215738.85839939892,0.0674576850090492,0.8138888888888889
197,1.97,212436.9326091551,0.06642523183147114,0.8222222222222222
198,1.98,209264.8540106551,0.0654333795499252,0.825
199,1.99,202901.09172106287,0.06344354482479173,0.8166666666666667
200,2.0,213110.4832036102,0.06663583906363835,0.8194444444444444
201,2.01,211429.536420645,0.06611023704903828,0.8166666666666667
202,2.02,214333.19157021615,0.0670181581157756,0.8194444444444444
203,2.03,211117.98280254303,0.0660128198012171,0.8222222222222222
204,2.04,210380.83761358398,0.06578232767600767,0.8222222222222222
205,2.05,208704.79817481193,0.0652582601002253,0.8138888888888889
206,2.06,206105.5001712036,0.06444550607309751,0.8222222222222222
207,2.07,208983.37251233222,0.06534536531646436,0.8138888888888889
208,2.08,207147.34551913568,0.06477127249195394,0.8055555555555556
209,2.09,207651.21791319482,0.06492882438360376,0.8166666666666667
210,2.1,208866.61360095005,0.0653088568917677,0.8138888888888889
211,2.11,214783.21395028743,0.06715887207054064,0.8166666666666667
212,2.12,213633.879489346,0.0667994957272548,0.8194444444444444
213,2.13,208059.57641619167,0.06505651078868768,0.8277777777777777
214,2.14,211329.5676954268,0.0660789786154554,0.8138888888888889
215,2.15,208565.18647289774,0.06521460601638904,0.8222222222222222
216,2.16,213146.35431618293,0.06664705531939685,0.8222222222222222
217,2.17,201128.470512855,0.06288927785596281,0.8166666666666667
218,2.18,208406.17045723292,0.06516488455046633,0.8222222222222222
219,2.19,202724.56624828832,0.0633883484645864,0.8166666666666667
220,2.2,214795.43425483603,0.06716269314135315,0.8222222222222222
221,2.21,204345.477359659,0.06389517839772753,0.8194444444444444
222,2.22,209573.64363069765,0.06552993254495557,0.8194444444444444
223,2.23,204943.71964528307,0.06408223806774771,0.8222222222222222
224,2.24,211397.46932531262,0.06610021024147966,0.8166666666666667
225,2.25,215020.10178039307,0.06723294266099569,0.8111111111111111
226,2.26,205796.11005956717,0.06434876531507865,0.8166666666666667
227,2.27,201836.39171078792,0.06311063216151391,0.8194444444444444
228,2.28,203969.4421877544,0.0637775989205445,0.8194444444444444
229,2.29,212069.18157739824,0.06631024265684557,0.8138888888888889
230,2.3,200588.49133741306,0.0627204360191298,0.825
231,2.31,210873.37661889687,0.06593633581956407,0.8277777777777777
232,2.32,210167.48413114343,0.06571561585542589,0.8138888888888889
233,2.33,201089.19778206275,0.06287699797498594,0.8166666666666667
234,2.34,211745.8853616564,0.06620915370862394,0.8166666666666667
235,2.35,210750.79458009,0.06589800660700147,0.825
236,2.36,205793.80199798525,0.06434804362547515,0.8277777777777777
237,2.37,212217.07253760146,0.06635648551676933,0.8166666666666667
238,2.38,201599.65915692534,0.06303661012316472,0.8222222222222222
239,2.39,201907.63057470781,0.06313290728097253,0.8222222222222222
240,2.4,201390.6008856911,0.06297124133835662,0.8166666666666667
241,2.41,210373.20744359563,0.06577994185823029,0.8194444444444444
242,2.42,211839.15343446907,0.06623831696796385,0.825
243,2.43,200870.01854506452,0.06280846454508071,0.8222222222222222
244,2.44,203582.11182328622,0.06365648763853167,0.8194444444444444
245,2.45,204374.64856366327,0.06390429971182761,0.8194444444444444
246,2.46,209982.8002601719,0.06565786850992365,0.8166666666666667
247,2.47,202100.4497789632,0.0631931983997856,0.8138888888888889
248,2.48,202893.44083188745,0.06344115252849487,0.8194444444444444
249,2.49,209948.6967606865,0.06564720495518407,0.825
250,2.5,208523.90922495953,0.06520169935872841,0.825
251,2.51,210268.5845458923,0.06574722814809773,0.8166666666666667
252,2.52,210827.6501752054,0.06592203797791417,0.8166666666666667
253,2.53,209708.83659703753,0.06557220496915608,0.825
254,2.54,210514.96645201425,0.06582426736643056,0.8111111111111111
255,2.55,194842.3678657404,0.060923725912981036,0.825
256,2.56,209726.7748913971,0.0655778139531819,0.8194444444444444
257,2.57,204923.8372788518,0.06407602120713249,0.8166666666666667
258,2.58,207770.73617145515,0.06496619560674999,0.8166666666666667
259,2.59,206814.8184623905,0.06466729722473817,0.8166666666666667
260,2.6,199104.13842379846,0.06225630539365155,0.825
261,2.61,207985.5987601252,0.06503337929787668,0.8194444444444444
262,2.62,201429.83055481417,0.0629835077547192,0.8222222222222222
263,2.63,200583.9858807915,0.06271902724337261,0.8277777777777777
264,2.64,203100.8193537171,0.06350599608568719,0.8222222222222222
265,2.65,200538.31591447286,0.06270474706118774,0.825
266,2.66,212272.72865067233,0.06637388818855604,0.8222222222222222
267,2.67,205398.71246179246,0.06422450618914774,0.825
268,2.68,197573.79308021057,0.06177779375736718,0.8166666666666667
269,2.69,204911.3242406747,0.06407210860374653,0.825
270,2.7,210432.1242421881,0.06579836408809966,0.8194444444444444
271,2.71,197060.99596393498,0.06161745126459647,0.8166666666666667
272,2.72,210764.85463233246,0.06590240293403508,0.8222222222222222
273,2.73,196537.22144802017,0.061453676335163326,0.8194444444444444
274,2.74,207656.76397937516,0.06493055853937063,0.8166666666666667
275,2.75,213718.3327213502,0.06682590274342613,0.8138888888888889
276,2.76,207931.2817053739,0.06501639532569282,0.8194444444444444
277,2.77,211125.3761500895,0.06601513156884974,0.8166666666666667
278,2.78,209598.82622465253,0.0655378066919837,0.8194444444444444
279,2.79,209909.67976251326,0.06563500503722636,0.8166666666666667
280,2.8,215568.21792350785,0.06740432878218375,0.8194444444444444
281,2.81,211857.51504594696,0.0662440583156864,0.8194444444444444
282,2.82,206560.25756619696,0.0645877005823973,0.8166666666666667
283,2.83,208864.18624392422,0.06530809790061114,0.8194444444444444
284,2.84,211952.68106315538,0.06627381502831592,0.8166666666666667
285,2.85,210690.49643320314,0.06587915245420999,0.8083333333333333
286,2.86,215004.03075472327,0.06722791753851451,0.8111111111111111
287,2.87,203249.6726717653,0.06355253985770835,0.8166666666666667
288,2.88,215917.76260023663,0.06751362515500364,0.8138888888888889
289,2.89,204632.5660937691,0.063984945913598,0.8138888888888889
290,2.9,210704.45168944963,0.06588351601340874,0.8138888888888889
291,2.91,203718.03572933338,0.06369898861451419,0.8138888888888889
292,2.92,212917.86985495815,0.06657561231219306,0.8194444444444444
293,2.93,220098.2409911532,0.06882078602798605,0.8166666666666667
294,2.94,203278.82072054033,0.06356165393158213,0.8194444444444444
295,2.95,216435.16078186163,0.06767540631867189,0.8055555555555556
296,2.96,220792.16519487792,0.06903776372362377,0.8194444444444444
297,2.97,213054.9341415054,0.06661846986477535,0.8111111111111111
298,2.98,208398.42244101243,0.06516246188427849,0.8138888888888889
299,2.99,220230.03286489562,0.06886199499132083,0.8
300,3.0,213627.94657166023,0.06679764060993658,0.8083333333333333
301,3.01,217264.8869297144,0.06793484685497993,0.8194444444444444
302,3.02,220775.66131220775,0.06903260325449527,0.8166666666666667
303,3.03,212533.58526157666,0.0664554533883604,0.8166666666666667
304,3.04,216207.32326197537,0.06760416559846154,0.8222222222222222
305,3.05,218670.42944817306,0.06837433487851197,0.8166666666666667
306,3.06,215532.35124023593,0.06739311391138843,0.8222222222222222
307,3.07,216990.40047615304,0.06784901984698995,0.8194444444444444
308,3.08,222310.40710920238,0.06951249083390833,0.8111111111111111
309,3.09,222079.36458357063,0.06944024796568611,0.8138888888888889
310,3.1,220958.02475078453,0.06908962504226196,0.8083333333333333
311,3.11,221284.32531683287,0.06919165339712613,0.8194444444444444
312,3.12,215573.22560214048,0.06740589459378732,0.825
313,3.13,218918.50320204912,0.06845190310739822,0.8138888888888889
314,3.14,219928.03403937008,0.06876756535636054,0.8111111111111111
315,3.15,222858.0863325586,0.06968374033809718,0.8166666666666667
316,3.16,218368.33924895295,0.06827987667263055,0.8166666666666667
317,3.17,225628.55181332637,0.07055001537596768,0.8194444444444444
318,3.18,224636.14153239218,0.07023970641898292,0.8138888888888889
319,3.19,227931.95914138347,0.071270249677458,0.8194444444444444
320,3.2,216289.2803564564,0.06762979211704413,0.8194444444444444
321,3.21,209871.503238706,0.0656230679205806,0.8166666666666667
322,3.22,218264.6566212374,0.06824745696811724,0.8055555555555556
323,3.23,228874.15553048704,0.07156485764796625,0.8111111111111111
324,3.24,219291.9428178589,0.0685686710005821,0.8222222222222222
325,3.25,215951.65125981747,0.06752422153314498,0.8166666666666667
326,3.26,226651.16382448107,0.07086976787418121,0.8138888888888889
327,3.27,227890.9613440586,0.07125743039900939,0.8277777777777777
328,3.28,216342.24214476527,0.06764635232163482,0.8083333333333333
329,3.29,223508.14032004107,0.06988700060123108,0.8111111111111111
330,3.3,217661.42469283164,0.06805883712598171,0.8111111111111111
331,3.31,228702.9287144789,0.07151131808302615,0.8194444444444444
332,3.32,216738.652684953,0.06777030281230047,0.8138888888888889
333,3.33,222251.51505296864,0.0694940763405323,0.8194444444444444
334,3.34,211998.87260933302,0.06628825829920021,0.825
335,3.35,225042.1377318555,0.07036665417397457,0.8194444444444444
336,3.36,224154.55443343622,0.07008912274079523,0.8194444444444444
337,3.37,211216.60982740257,0.06604365870907875,0.8111111111111111
338,3.38,220357.8848293936,0.06890197201545492,0.8166666666666667
339,3.39,235678.4786936437,0.07369244788389046,0.8166666666666667
340,3.4,224429.62856768313,0.07017513350603166,0.8194444444444444
341,3.41,227033.1754148587,0.07098921607060113,0.8222222222222222
342,3.42,228428.87690957816,0.07142562698190363,0.8166666666666667
343,3.43,227464.81172626355,0.0711241810303179,0.8111111111111111
344,3.44,219831.16564143938,0.06873727633970671,0.8138888888888889
345,3.45,231107.24982967565,0.07226310632207061,0.8138888888888889
346,3.46,218788.90720048398,0.0684113807540453,0.8166666666666667
347,3.47,220429.7079407167,0.06892442981863396,0.8222222222222222
348,3.48,222623.18328665575,0.06961029035418727,0.8222222222222222
349,3.49,214046.71659165487,0.06692858251029528,0.8138888888888889
350,3.5,224446.03082715013,0.07018026219940089,0.8194444444444444
351,3.51,235683.39152717887,0.07369398403912729,0.8138888888888889
352,3.52,222482.7282229973,0.06956637256620743,0.8222222222222222
353,3.53,221585.4081348028,0.06928579661289605,0.8194444444444444
354,3.54,222224.9795473387,0.06948577916220466,0.8277777777777777
355,3.55,218070.41623396173,0.06818672147077527,0.8111111111111111
356,3.56,226432.56539109614,0.07080141605118485,0.8194444444444444
357,3.57,223284.1375918232,0.06981695895183422,0.825
358,3.58,224215.3867980822,0.07010814393393164,0.8138888888888889
359,3.59,219611.18970919042,0.06866849379743631,0.8166666666666667
360,3.6,222059.89378949962,0.0694341597963917,0.8111111111111111
361,3.61,232424.66406103948,0.07267503820539065,0.8222222222222222
362,3.62,221211.05514125843,0.06916874312281983,0.8222222222222222
363,3.63,232527.1414903274,0.07270708106589677,0.8222222222222222
364,3.64,227129.39642378024,0.07101930266028293,0.8166666666666667
365,3.65,224258.08953752907,0.07012149631730848,0.8277777777777777
366,3.66,224567.00151095822,0.07021808757005596,0.8083333333333333
367,3.67,233616.7210029236,0.0730477731048662,0.8166666666666667
368,3.68,216881.22840722438,0.06781488369232493,0.8138888888888889
369,3.69,221810.03852519576,0.06935603452103653,0.8194444444444444
370,3.7,224583.6503289716,0.07022329335787578,0.8138888888888889
371,3.71,233868.65756845067,0.07312654916591368,0.8194444444444444
372,3.72,228321.12605582783,0.07139193521582277,0.8194444444444444
373,3.73,232157.6860283864,0.0725915589464168,0.8138888888888889
374,3.74,220682.63214013347,0.06900351469514625,0.8222222222222222
375,3.75,230418.82655583095,0.07204784866888539,0.8111111111111111
376,3.76,223939.39412273726,0.07002184595731142,0.825
377,3.77,224248.78504457942,0.07011858696866716,0.8027777777777778
378,3.78,234240.31532048556,0.07324275990214334,0.8222222222222222
379,3.79,223441.95709318775,0.06986630628912117,0.8083333333333333
380,3.8,225523.38587713838,0.07051713186740698,0.8083333333333333
381,3.81,225571.16499116606,0.07053207154238256,0.8194444444444444
382,3.82,232939.75260250582,0.07283609718586267,0.8166666666666667
383,3.83,223640.23958618368,0.06992830568067523,0.8138888888888889
384,3.84,217979.3040611226,0.06815823232282356,0.8222222222222222
385,3.85,220772.34007995744,0.06903156476453272,0.8194444444444444
386,3.86,226239.62468495706,0.0707410869409044,0.8055555555555556
387,3.87,225135.80116142807,0.0703959410543069,0.8138888888888889
388,3.88,218390.78103379955,0.06828689381763843,0.8194444444444444
389,3.89,226472.7843044527,0.07081399178653797,0.8222222222222222
390,3.9,234819.68105701343,0.07342391721265148,0.8111111111111111
391,3.91,219896.5499095192,0.06875772083168835,0.8111111111111111
392,3.92,214974.24180963033,0.06721860306781721,0.8138888888888889
393,3.93,217812.88797649744,0.06810619698760222,0.8083333333333333
394,3.94,225180.6927882164,0.07040997786363229,0.8222222222222222
395,3.95,225013.1856577704,0.07035760137788359,0.8194444444444444
396,3.96,224170.737373848,0.07009418285701591,0.8111111111111111
397,3.97,227949.1773158847,0.07127563349287518,0.8166666666666667
398,3.98,217203.19351251202,0.06791555642609917,0.8166666666666667
399,3.99,234839.78141219457,0.07343020223445255,0.8194444444444444
400,4.0,223211.56471223247,0.0697942667095189,0.8166666666666667
401,4.01,222313.1712010967,0.06951335511603965,0.8083333333333333
402,4.02,228883.24052687717,0.07156769836395659,0.8166666666666667
403,4.03,222001.239883325,0.06941581976828257,0.8111111111111111
404,4.04,222266.915824213,0.06949889188643445,0.8166666666666667
405,4.05,234002.10072345563,0.07316827445538507,0.8111111111111111
406,4.06,224732.72801190044,0.07026990728478492,0.8138888888888889
407,4.07,222606.57978210496,0.06960509873507728,0.8138888888888889
408,4.08,221805.9069317647,0.06935474264561677,0.8222222222222222
409,4.09,232623.48668461546,0.07273720648612304,0.8111111111111111
410,4.1,219995.2353866831,0.06878857801654081,0.8138888888888889
411,4.11,229759.49701672298,0.07184168810654493,0.8138888888888889
412,4.12,224259.9647680129,0.07012208266836381,0.8166666666666667
413,4.13,221138.63780621992,0.06914609951650585,0.8138888888888889
414,4.14,231649.43170598356,0.07243263690409438,0.8166666666666667
415,4.15,229784.41884884998,0.07184948071801023,0.8083333333333333
416,4.16,222875.20982030878,0.06968909454665968,0.8166666666666667
417,4.17,220002.01116321667,0.0687906966807559,0.8166666666666667
418,4.18,225916.1160655972,0.07063993157786783,0.825
419,4.19,225533.1237768046,0.07052017673458208,0.8111111111111111
420,4.2,223766.9324608697,0.06996792027814212,0.8166666666666667
421,4.21,216564.9887824123,0.06771600121396093,0.8166666666666667
422,4.22,231380.41738085076,0.07234852093285782,0.8111111111111111
423,4.23,215969.31712309894,0.06752974533284196,0.8166666666666667
424,4.24,228392.37023999146,0.0714142119988265,0.8166666666666667
425,4.25,213357.71155092298,0.06671314294900264,0.8166666666666667
426,4.26,223729.1041163685,0.06995609203094219,0.8166666666666667
427,4.27,224570.81831467064,0.07021928101635713,0.825
428,4.28,232455.1764463781,0.07268457888292235,0.8083333333333333
429,4.29,219685.65798888257,0.06869177869748587,0.8111111111111111
430,4.3,215149.21183004006,0.06727331306586946,0.8222222222222222
431,4.31,220208.8087164889,0.06885535857946425,0.8194444444444444
432,4.32,225907.62995192327,0.0706372781217987,0.8222222222222222
433,4.33,218552.47486372333,0.06833745258821795,0.8166666666666667
434,4.34,225095.80421796275,0.07038343472497138,0.8166666666666667
435,4.35,234620.11347445316,0.07336151599655974,0.8138888888888889
436,4.36,223550.39726011263,0.06990021359111127,0.8138888888888889
437,4.37,231636.59916825974,0.07242862439891073,0.8083333333333333
438,4.38,219280.54696585482,0.0685651077213444,0.8166666666666667
439,4.39,222548.79917736302,0.06958703177271716,0.8027777777777778
440,4.4,209670.1740167254,0.06556011587132882,0.8083333333333333
441,4.41,207478.28611557581,0.06487475170138796,0.8027777777777778
442,4.42,216541.20838105216,0.06770856550749504,0.8222222222222222
443,4.43,214368.39829646616,0.06702916662980592,0.8166666666666667
444,4.44,215664.6667181299,0.06743448659638276,0.8138888888888889
445,4.45,209110.82006549058,0.06538521588840081,0.825
446,4.46,206616.70148097328,0.06460534958569651,0.8305555555555556
447,4.47,202436.7013401816,0.06329833825298015,0.8194444444444444
448,4.48,209921.81576324094,0.06563879974774087,0.8138888888888889
449,4.49,208489.26886420973,0.06519086793706708,0.825
450,4.5,208223.1815833495,0.06510766720025798,0.8222222222222222
451,4.51,212954.87995321417,0.06658718470841705,0.8138888888888889
452,4.52,201617.97813461142,0.06304233814006258,0.8138888888888889
453,4.53,207298.49138423926,0.06481853310246344,0.8194444444444444
454,4.54,204796.31728270242,0.06403614798356758,0.8222222222222222
455,4.55,195199.84546687198,0.06103550276947242,0.8027777777777778
456,4.56,205678.0031892336,0.06431183540771065,0.8111111111111111
457,4.57,214977.0150157286,0.06721947019979718,0.8166666666666667
458,4.58,208865.60818730053,0.06530854251688976,0.825
459,4.59,204846.65188776367,0.06405188671491374,0.8194444444444444
460,4.6,213671.9696508291,0.06681140583994538,0.8194444444444444
461,4.61,213556.6532751865,0.06677534847039128,0.8166666666666667
462,4.62,201159.74364074672,0.06289905640409371,0.825
463,4.63,203978.72700508815,0.0637805021169724,0.8166666666666667
464,4.64,216313.12754090116,0.06763724870538691,0.8027777777777778
465,4.65,211264.09496400057,0.06605850646256649,0.8138888888888889
466,4.66,211820.3760449211,0.06623244561387022,0.8194444444444444
467,4.67,212773.56663451056,0.06653049127436536,0.8166666666666667
468,4.68,212666.59317509938,0.06649704258559958,0.8194444444444444
469,4.69,210501.78116297637,0.06582014456221592,0.8111111111111111
470,4.7,213568.5223170727,0.06677905970764757,0.8222222222222222
471,4.71,210303.7921694386,0.06575823694269656,0.8166666666666667
472,4.72,209293.14227462243,0.06544222478445698,0.8138888888888889
473,4.73,212671.2367361762,0.06649849454415152,0.8166666666666667
474,4.74,208493.40007790268,0.06519215969374953,0.8194444444444444
475,4.75,201417.17423806642,0.06297955035068509,0.8166666666666667
476,4.76,208830.92584569345,0.0652976979685647,0.8222222222222222
477,4.77,206996.63069493606,0.0647241466602309,0.8166666666666667
478,4.78,202544.16547160214,0.06333194036611323,0.8138888888888889
479,4.79,209382.70064307237,0.06547022808554814,0.8194444444444444
480,4.8,209547.81012745845,0.06552185487022827,0.8138888888888889
481,4.81,216158.36197328268,0.06758885627859783,0.8194444444444444
482,4.82,208689.90828624726,0.06525360429820581,0.8166666666666667
483,4.83,210944.00654510397,0.06595842053508374,0.8222222222222222
484,4.84,200708.4364667888,0.06275794071724412,0.8083333333333333
485,4.85,201859.47956655652,0.06311785132135153,0.825
486,4.86,211866.573375141,0.06624689069332115,0.8194444444444444
487,4.87,206179.70051069756,0.06446870719303614,0.8277777777777777
488,4.88,213489.57499919485,0.0667543742924135,0.8194444444444444
489,4.89,202480.8395684644,0.06331213948805874,0.8166666666666667
490,4.9,204255.6900315948,0.06386710350505731,0.825
491,4.91,199664.1186888203,0.06243140121370634,0.8166666666666667
492,4.92,201886.07863067352,0.06312616837328205,0.825
493,4.93,201703.80424753157,0.06306917443155811,0.8222222222222222
494,4.94,201008.8025351374,0.0628518598182183,0.8194444444444444
495,4.95,194487.48661610112,0.06081276088919536,0.8194444444444444
496,4.96,202514.64439730864,0.06332270965382711,0.8111111111111111
497,4.97,201686.39700644667,0.0630637314983995,0.8222222222222222
498,4.98,214733.3166320161,0.06714327007095781,0.8194444444444444
499,4.99,201374.62741924453,0.06296624672090083,0.8166666666666667
500,5.0,210658.1535414428,0.06586903941003779,0.8222222222222222
501,5.01,200766.43258636244,0.0627760750672401,0.8138888888888889
502,5.02,206856.4109736204,0.06468030245959525,0.8194444444444444
503,5.03,201659.85851080657,0.06305543338514913,0.8194444444444444
504,5.04,208919.67357194665,0.06532544779632997,0.8138888888888889
505,5.05,204314.49935818592,0.06388549213035277,0.8138888888888889
506,5.06,202580.7847015346,0.06334339054479862,0.8166666666666667
507,5.07,207449.29761829902,0.06486568751641593,0.8138888888888889
508,5.08,204918.92376794593,0.06407448484009395,0.8111111111111111
509,5.09,200379.58670373211,0.06265511527403857,0.8277777777777777
510,5.1,209455.7146987144,0.06549305827572934,0.8222222222222222
511,5.11,210218.2021642022,0.06573147447785367,0.8083333333333333
512,5.12,211501.3499192662,0.06613269184649725,0.825
513,5.13,202994.84580737274,0.06347286005186543,0.8277777777777777
514,5.14,200300.73198917712,0.06263045881420841,0.8166666666666667
515,5.15,195808.23016637817,0.06122573379103292,0.8138888888888889
516,5.16,206351.03095465258,0.06452227916058305,0.8222222222222222
517,5.17,201601.52827787714,0.06303719456387859,0.8138888888888889
518,5.18,209656.46461917332,0.06555582918774945,0.8166666666666667
519,5.19,205034.70975112755,0.06411068904753195,0.8166666666666667
520,5.2,202444.95087113258,0.06330091773386037,0.8222222222222222
521,5.21,204587.176646902,0.06397075344483177,0.8194444444444444
522,5.22,203656.53737290806,0.06367975917765199,0.8194444444444444
523,5.23,203730.58106773323,0.06370291131760249,0.8111111111111111
524,5.24,210152.88832801636,0.0657110520086664,0.8194444444444444
525,5.25,208931.25709522897,0.06532906975702203,0.8111111111111111
526,5.26,209465.33834118702,0.06549606741672218,0.8111111111111111
527,5.27,209207.5171692665,0.06541545134443406,0.8111111111111111
528,5.28,219209.6537985257,0.0685429406950309,0.8166666666666667
529,5.29,215797.0014712775,0.06747586530840438,0.8111111111111111
530,5.3,212934.1495323159,0.06658070267632772,0.8222222222222222
531,5.31,205853.0950640433,0.0643665835074558,0.8166666666666667
532,5.32,200525.40889236005,0.06270071126606697,0.8166666666666667
533,5.33,214062.36857067203,0.06693347660437801,0.825
534,5.34,211417.25278193332,0.06610639617476498,0.8138888888888889
535,5.35,198755.40128733855,0.06214726152424014,0.8166666666666667
536,5.36,218310.44742101268,0.06826177493276428,0.8194444444444444
537,5.37,218424.98206929382,0.06829758787014464,0.8194444444444444
538,5.38,224544.11834870625,0.0702109324142224,0.8166666666666667
539,5.39,217035.6684327192,0.06786317432791053,0.8166666666666667
540,5.4,216805.09290068908,0.06779107748024071,0.8111111111111111
541,5.41,221777.44960808632,0.06934584454913502,0.8138888888888889
542,5.42,211046.6927526593,0.06599052867682248,0.8111111111111111
543,5.43,212573.82503267343,0.06646803564555606,0.8166666666666667
544,5.44,205975.875202021,0.06440497466208839,0.8138888888888889
545,5.45,207976.86116352718,0.06503064720759208,0.8111111111111111
546,5.46,217365.48708321076,0.06796630272489955,0.8194444444444444
547,5.47,222021.34275103352,0.06942210557570604,0.8
548,5.48,224378.69083045516,0.07015920618603706,0.8027777777777778
549,5.49,219363.5353406524,0.06859105670284937,0.8138888888888889
550,5.5,220529.9059955129,0.06895575995947696,0.8138888888888889
551,5.51,215002.84995508174,0.06722754832357165,0.8055555555555556
552,5.52,217442.51491669466,0.06799038795167157,0.8138888888888889
553,5.53,210256.44337935754,0.06574343182232768,0.8194444444444444
554,5.54,225735.81825366017,0.07058355567463137,0.8222222222222222
555,5.55,206992.21193101574,0.06472276499173187,0.8111111111111111
556,5.56,214058.06097032578,0.06693212969474172,0.8194444444444444
557,5.57,225967.9689707538,0.07065614505451644,0.8166666666666667
558,5.58,219981.77282576112,0.06878436851436383,0.8111111111111111
559,5.59,212979.1788730695,0.06659478254634862,0.8222222222222222
560,5.6,218429.17657292032,0.06829889941645813,0.8138888888888889
561,5.61,212343.0224504716,0.06639586780335575,0.8083333333333333
562,5.62,222331.28098607788,0.06951901772211769,0.8194444444444444
563,5.63,224117.24817462274,0.07007745774045836,0.8277777777777777
564,5.64,216392.969623969,0.06766221389770329,0.8222222222222222
565,5.65,220318.34490737182,0.06888960858855622,0.8138888888888889
566,5.66,216782.91307748645,0.06778414224595672,0.8166666666666667
567,5.67,229462.8283061161,0.0717489251032518,0.8194444444444444
568,5.68,221513.36014617252,0.0692632684946024,0.8222222222222222
569,5.69,227309.09146129608,0.07107549008673157,0.8194444444444444
570,5.7,215963.0829948761,0.0675277960323725,0.8166666666666667
571,5.71,214126.07124881467,0.06695339529324222,0.8083333333333333
572,5.72,216355.10826375382,0.06765037532707972,0.8166666666666667
573,5.73,219325.38301843134,0.06857912715360708,0.8194444444444444
574,5.74,219670.07258328766,0.06868690541972239,0.8055555555555556
575,5.75,230392.33928867363,0.07203956657386594,0.8083333333333333
576,5.76,218241.69202250507,0.06824027634855183,0.8222222222222222
577,5.77,214565.19201657252,0.067090700508687,0.8194444444444444
578,5.78,218822.61911322235,0.0684219218666081,0.825
579,5.79,226839.85844711875,0.07092876931004322,0.8194444444444444
580,5.8,223101.67144629892,0.06975990504944078,0.8083333333333333
581,5.81,223103.98453586784,0.06976062831120593,0.8111111111111111
582,5.82,223767.31669721584,0.06996804042197989,0.8222222222222222
583,5.83,221554.72400959366,0.06927620223537644,0.8277777777777777
584,5.84,227628.9871946117,0.07117551576487711,0.8166666666666667
585,5.85,225992.87239999863,0.07066393191172941,0.8166666666666667
586,5.86,230126.18491732178,0.07195634485905926,0.8138888888888889
587,5.87,222875.77899645764,0.06968927251786826,0.8083333333333333
588,5.88,226056.69230823976,0.07068388725635011,0.825
589,5.89,234244.2286539252,0.07324398353156489,0.8138888888888889
590,5.9,224666.24313588077,0.07024911865237222,0.8138888888888889
591,5.91,223064.40516897495,0.06974825255060108,0.8138888888888889
592,5.92,221359.94530563513,0.06921529841602934,0.8166666666666667
593,5.93,233127.52030634775,0.07289480879078455,0.8194444444444444
594,5.94,225863.64939658344,0.07062352618823119,0.825
595,5.95,216333.0373657718,0.06764347415176535,0.8111111111111111
596,5.96,212873.55263756958,0.06656175511042026,0.8166666666666667
597,5.97,218831.76023754795,0.06842478013280066,0.8194444444444444
598,5.98,220936.56408245582,0.06908291467485322,0.825
599,5.99,228219.7426638371,0.07136023444122519,0.8194444444444444
600,6.0,232426.20994419878,0.0726755215754242,0.8111111111111111
601,6.01,219910.47372862857,0.0687620745610562,0.8027777777777778
602,6.02,220231.11066924277,0.06886233200147603,0.8138888888888889
603,6.03,218657.47389679725,0.06837028390915803,0.8111111111111111
604,6.04,235828.57576013796,0.07373938055382055,0.8138888888888889
605,6.05,214926.98212898808,0.06720382581037714,0.8166666666666667
606,6.06,221322.20584966967,0.0692034979626858,0.8166666666666667
607,6.07,223611.688041019,0.06991937812281879,0.8222222222222222
608,6.08,225200.52943847695,0.07041618042961803,0.8166666666666667
609,6.09,221992.4260236289,0.06941306383189028,0.8055555555555556
610,6.1,225480.29816288428,0.07050365910928878,0.8138888888888889
611,6.11,230174.90441985268,0.07197157857671174,0.8166666666666667
612,6.12,220830.16003622438,0.06904964403141133,0.8138888888888889
613,6.13,226080.56097892308,0.07069135056305566,0.8166666666666667
614,6.14,225985.17368008566,0.07066152465961582,0.8138888888888889
615,6.15,224564.97360375142,0.07021745347971822,0.8138888888888889
616,6.16,234384.4112254151,0.07328781611611401,0.8138888888888889
617,6.17,216436.9770630094,0.06767597423732347,0.825
618,6.18,216505.45182135075,0.06769738507037196,0.8194444444444444
619,6.19,225521.8609401783,0.07051665504687556,0.8166666666666667
620,6.2,224929.37807882964,0.07033139624588512,0.8166666666666667
621,6.21,225552.8047481139,0.0705263306225423,0.8166666666666667
622,6.22,232099.39466167951,0.07257333227791936,0.8055555555555556
623,6.23,222543.80492934005,0.06958547016062516,0.8194444444444444
624,6.24,221667.26254066348,0.06931139102258246,0.8166666666666667
625,6.25,223681.23997472037,0.06994112576934944,0.8166666666666667
626,6.26,231772.2516118787,0.07247104049344394,0.8166666666666667
627,6.27,225253.43082310644,0.07043272174705781,0.8166666666666667
628,6.28,227991.96782102517,0.07128901331901571,0.8138888888888889
629,6.29,216864.38010402035,0.06780961552905149,0.8083333333333333
630,6.3,224811.70711415348,0.07029460263842503,0.8111111111111111
631,6.31,227443.14620387251,0.07111740660870533,0.8111111111111111
632,6.32,234170.67983364244,0.07322098613003865,0.8083333333333333
633,6.33,225346.31382385586,0.07046176460124613,0.8138888888888889
634,6.34,219696.11767251056,0.068695049253605,0.8222222222222222
635,6.35,232290.30463896686,0.07263302641558413,0.8222222222222222
636,6.36,234268.42770118473,0.07325155014112082,0.8277777777777777
637,6.37,222812.84078298602,0.069669592863443,0.8222222222222222
638,6.38,226981.26558856838,0.07097298479573137,0.8138888888888889
639,6.39,231845.7826103714,0.07249403232241496,0.8194444444444444
640,6.4,223597.96772538466,0.06991508802535024,0.8166666666666667
641,6.41,218807.3572533157,0.06841714975579842,0.8166666666666667
642,6.42,226352.88484530774,0.07077650136868852,0.8111111111111111
643,6.43,235146.89098666614,0.07352622990926122,0.8111111111111111
644,6.44,225880.251040564,0.07062871722557414,0.8194444444444444
645,6.45,223888.05974927128,0.07000579461625449,0.8166666666666667
646,6.46,224295.90001527773,0.07013331897789422,0.8166666666666667
647,6.47,218692.1414672262,0.06838112383879971,0.8055555555555556
648,6.48,218767.21812895263,0.06840459896903747,0.8194444444444444
649,6.49,223000.81033401913,0.06972836758237383,0.8055555555555556
650,6.5,226680.3870799784,0.07087890546385284,0.8194444444444444
651,6.51,221660.9066694697,0.06930940365526195,0.8138888888888889
652,6.52,221532.67108832696,0.06926930668105961,0.8277777777777777
653,6.53,222458.2665626254,0.06955872384222506,0.8166666666666667
654,6.54,223202.92286731393,0.06979156455907304,0.8166666666666667
655,6.55,228868.3360220597,0.07156303799169611,0.8166666666666667
656,6.56,222244.70321059795,0.06949194639917457,0.8166666666666667
657,6.57,221398.39551067515,0.0692273211079049,0.8111111111111111
658,6.58,222258.28312575415,0.06949619259592306,0.8055555555555556
659,6.59,224196.23654331706,0.07010215599154902,0.8222222222222222
660,6.6,230384.72084536057,0.07203718442281033,0.8111111111111111
661,6.61,222066.95599855,0.06943636802293524,0.8083333333333333
662,6.62,221320.93025502493,0.06920309910703976,0.8138888888888889
663,6.63,223902.09025671385,0.07001018170515724,0.8138888888888889
664,6.64,232519.47337878135,0.07270468338447245,0.8166666666666667
665,6.65,222305.4952540916,0.06951095498460734,0.8194444444444444
666,6.66,225642.40125849826,0.07055434584993461,0.8166666666666667
667,6.67,226882.35430259036,0.07094205700449874,0.8222222222222222
668,6.68,226749.7108580156,0.07090058177018525,0.8083333333333333
669,6.69,235383.6799460591,0.07360026958461158,0.8166666666666667
670,6.7,233021.14886383634,0.07286154834194315,0.8194444444444444
671,6.71,224285.13045409066,0.07012995152860096,0.8111111111111111
672,6.72,225506.2860934539,0.07051178507068215,0.8222222222222222
673,6.73,214352.11053464474,0.06702407373780396,0.8138888888888889
674,6.74,213932.26642362386,0.06689279598837916,0.825
675,6.75,225873.11843627391,0.07062648698769736,0.8166666666666667
676,6.76,226796.8616065951,0.07091532496651629,0.8111111111111111
677,6.77,224398.36232639384,0.07016535711121823,0.8222222222222222
678,6.78,220254.31221235343,0.06886958670931352,0.8166666666666667
679,6.79,225029.1942460847,0.07036260697731968,0.8222222222222222
680,6.8,220717.67401849126,0.06901447166418707,0.8027777777777778
681,6.81,224226.65639522026,0.07011166773552936,0.8138888888888889
682,6.82,220882.18636588138,0.06906591173480152,0.8111111111111111
683,6.83,235133.07838928892,0.07352191095694106,0.8166666666666667
684,6.84,223644.44816138066,0.06992962162691728,0.8166666666666667
685,6.85,220324.06782791388,0.068891398043521,0.8194444444444444
686,6.86,227525.88913099215,0.07114327884310842,0.8194444444444444
687,6.87,224468.11395641445,0.07018716719921865,0.8138888888888889
688,6.88,233340.0217035745,0.07296125417954973,0.8111111111111111
689,6.89,232997.86079321295,0.07285426657849899,0.8138888888888889
690,6.9,222446.09088781523,0.06955491672633407,0.8083333333333333
691,6.91,231875.61851934608,0.07250336147787868,0.8138888888888889
692,6.92,221309.13023213312,0.06919940945078941,0.8194444444444444
693,6.93,209381.5111140966,0.06546985614109847,0.8194444444444444
694,6.94,228635.77262002678,0.07149031957260665,0.8138888888888889
695,6.95,220960.20189678905,0.06909030579690431,0.8166666666666667
696,6.96,218447.11400737098,0.06830450813160578,0.8222222222222222
697,6.97,207633.8513417221,0.06492339416710598,0.8083333333333333
698,6.98,212171.59459268858,0.06634226537624595,0.8055555555555556
699,6.99,214123.34341140473,0.06695254234724018,0.8111111111111111
700,7.0,217786.93600620062,0.06809808227034342,0.8111111111111111
701,7.01,206715.09979693365,0.0646361169803732,0.8194444444444444
702,7.02,214886.41303891264,0.06719114058102293,0.8222222222222222
703,7.03,214551.57549700592,0.06708644286639365,0.8222222222222222
704,7.04,208293.6228938203,0.06512969293900814,0.8138888888888889
705,7.05,204887.73652929408,0.0640647331479932,0.8138888888888889
706,7.06,203137.89573753718,0.06351758920822231,0.825
707,7.07,205829.22218838325,0.06435911888592918,0.8166666666666667
708,7.08,204092.23563660454,0.06381599423724899,0.8194444444444444
709,7.09,213148.9288395745,0.06664786032684561,0.825
710,7.1,204835.33670005685,0.06404834865796002,0.8166666666666667
711,7.11,215369.54302613047,0.06734220669279325,0.8138888888888889
712,7.12,202043.33175383104,0.06317533861422683,0.8138888888888889
713,7.13,206261.69596899347,0.06449434570729795,0.8194444444444444
714,7.14,207225.36514994453,0.06479566783602256,0.8111111111111111
715,7.15,202447.3802475637,0.06330167735644887,0.8083333333333333
716,7.16,197851.13890035165,0.061864514838179695,0.8111111111111111
717,7.17,202062.0914217773,0.06318120442709237,0.8194444444444444
718,7.18,211483.13571509483,0.06612699659040477,0.8277777777777777
719,7.19,204567.30840848875,0.06396454100179527,0.8138888888888889
720,7.2,214444.92921547583,0.06705309648030346,0.8083333333333333
721,7.21,202344.83804628826,0.06326961424289997,0.8166666666666667
722,7.22,212852.9811392802,0.06655532277059023,0.8166666666666667
723,7.23,212146.45148514636,0.0663344035759133,0.8138888888888889
724,7.24,204411.26420783167,0.06391574876930868,0.825
725,7.25,209685.74564999522,0.06556498484273242,0.8083333333333333
726,7.26,210139.56208819768,0.0657068851316619,0.8222222222222222
727,7.27,208377.65390613474,0.06515596793462902,0.8194444444444444
728,7.28,208835.13158678304,0.06529901302863203,0.8194444444444444
729,7.29,205740.36011745495,0.06433133330462776,0.8166666666666667
730,7.3,203604.4036799907,0.06366345790368926,0.8111111111111111
731,7.31,203868.06046231068,0.06374589866704637,0.8166666666666667
732,7.32,197190.23450509104,0.061657861846468535,0.8166666666666667
733,7.33,198068.5721925507,0.061932502342352404,0.8194444444444444
734,7.34,200477.82842389605,0.06268583370400865,0.8222222222222222
735,7.35,209934.01907609633,0.0656426155055546,0.8194444444444444
736,7.36,199589.10619697408,0.062407946148243174,0.8222222222222222
737,7.37,208144.55610160527,0.06508308241743055,0.8111111111111111
738,7.38,201984.89462486087,0.06315706636847496,0.8222222222222222
739,7.39,206750.2485244147,0.06464710735922512,0.8166666666666667
740,7.4,204611.77574755397,0.06397844514393317,0.8194444444444444
741,7.41,201180.1939336609,0.0629054508451693,0.8277777777777777
742,7.42,208012.2941997772,0.06504172648471444,0.8166666666666667
743,7.43,200348.1228666571,0.06264527709455468,0.8138888888888889
744,7.44,209061.46128773745,0.06536978228081242,0.8222222222222222
745,7.45,201531.8937753231,0.06301542109954349,0.825
746,7.46,201238.43578632703,0.06292366203151117,0.8222222222222222
747,7.47,208660.88081288282,0.06524452792610784,0.8194444444444444
748,7.48,205448.30057352205,0.06424001150537156,0.8277777777777777
749,7.49,202278.9192134556,0.06324900260207465,0.8166666666666667
750,7.5,199252.3595340546,0.062302651485595904,0.8194444444444444
751,7.51,207647.66543801414,0.06492771358810999,0.825
752,7.52,202295.8520951432,0.0632542972115282,0.825
753,7.53,201376.78509792712,0.06296692138845957,0.8166666666666667
754,7.54,207312.8676786865,0.06482302831278212,0.8083333333333333
755,7.55,199288.43165859004,0.062313930594202364,0.8194444444444444
756,7.56,214868.1483222384,0.06718542953057365,0.8222222222222222
757,7.57,209859.4228065698,0.06561929058537144,0.8166666666666667
758,7.58,201900.53284621317,0.06313068794813362,0.8222222222222222
759,7.59,193982.74566562544,0.06065493741547825,0.8277777777777777
760,7.6,197410.93023659577,0.06172686945710086,0.8166666666666667
761,7.61,197257.557715601,0.06167891261109236,0.8222222222222222
762,7.62,215215.05380670875,0.06729390067514598,0.8194444444444444
763,7.63,209162.48199608707,0.06540136965071786,0.8194444444444444
764,7.64,211212.4242969833,0.0660423499685268,0.8166666666666667
765,7.65,204261.0395625194,0.06386877620776249,0.8194444444444444
766,7.66,207943.68518152373,0.06502027367099113,0.8194444444444444
767,7.67,209552.63744953697,0.06552336428756099,0.8277777777777777
768,7.68,202710.60368464855,0.06338398262049638,0.8111111111111111
769,7.69,211526.8210907452,0.06614065622655928,0.8166666666666667
770,7.7,197404.1622781715,0.06172475323746882,0.8277777777777777
771,7.71,201392.31329208662,0.06297177677722977,0.8138888888888889
772,7.72,197006.2499358243,0.0616003331601104,0.8166666666666667
773,7.73,206923.43787597844,0.06470126057395603,0.8055555555555556
774,7.74,205151.61311646036,0.06414724264039708,0.8138888888888889
775,7.75,210639.12792191413,0.06586309043886594,0.8194444444444444
776,7.76,215166.40759461533,0.06727868987410333,0.8111111111111111
777,7.77,204907.39843745576,0.06407088107524789,0.8166666666666667
778,7.78,214498.00569457383,0.06706969254665397,0.8222222222222222
779,7.79,212629.62664849547,0.06648548381345241,0.8166666666666667
780,7.8,208237.9198767363,0.06511227560117487,0.8166666666666667
781,7.81,215893.79158939276,0.06750612984835906,0.8166666666666667
782,7.82,211872.44976853652,0.0662487281365041,0.8111111111111111
783,7.83,211524.1392260858,0.06613981765541463,0.8166666666666667
784,7.84,208675.25584251372,0.06524902274094106,0.825
785,7.85,211096.29340601052,0.06600603791458722,0.8055555555555556
786,7.86,205951.6029161286,0.06439738515212098,0.825
787,7.87,213772.40613572294,0.06684281053361832,0.8222222222222222
788,7.88,220736.44244973804,0.06902034021718005,0.8138888888888889
789,7.89,217694.09958030906,0.0680690539792807,0.8166666666666667
790,7.9,216863.84444208335,0.06780944803713794,0.8055555555555556
791,7.91,214605.7057733768,0.06710336843631634,0.8166666666666667
792,7.92,207889.6917804686,0.06500339089953322,0.8111111111111111
793,7.93,226054.28951152318,0.07068313594476326,0.8194444444444444
794,7.94,218710.3469779845,0.0683868163766173,0.8027777777777778
795,7.95,206299.41162119366,0.06450613871762956,0.8138888888888889
796,7.96,216189.6623421318,0.06759864334448923,0.8194444444444444
797,7.97,212850.4784875619,0.06655454023612908,0.8222222222222222
798,7.98,218321.6772556093,0.06826528630132599,0.8166666666666667
799,7.99,214985.85877234983,0.06722223548442359,0.8111111111111111
800,8.0,214722.70287049498,0.06713995133743543,0.8194444444444444
801,8.01,201537.51619965825,0.06301717913114059,0.8083333333333333
802,8.02,213051.73712761042,0.06661747021567228,0.8194444444444444
803,8.03,211102.01822133348,0.06600782796201611,0.825
804,8.04,215106.10908558438,0.06725983560807587,0.8111111111111111
805,8.05,210433.07456155223,0.06579866123597929,0.8166666666666667
806,8.06,219934.7485886275,0.06876966487590071,0.8166666666666667
807,8.07,216101.81442958204,0.0675711748723862,0.8083333333333333
808,8.08,212643.56502912054,0.06648984209594598,0.8194444444444444
809,8.09,212712.60829699197,0.06651143069176327,0.8222222222222222
810,8.1,221909.3728023135,0.06938709457403823,0.8138888888888889
811,8.11,214228.8218068335,0.06698552355622073,0.8111111111111111
812,8.12,215695.73380753802,0.06744420071996247,0.8166666666666667
813,8.13,219599.54338396492,0.0686648521996991,0.8166666666666667
814,8.14,228185.01350154428,0.07134937525290855,0.8166666666666667
815,8.15,216567.21519443046,0.0677166973732052,0.8194444444444444
816,8.16,216448.04515994998,0.06767943503341095,0.825
817,8.17,216726.3881465087,0.06776646791033937,0.8138888888888889
818,8.18,210463.0241080192,0.06580802592385573,0.8138888888888889
819,8.19,223775.14287146187,0.06997048752678536,0.8166666666666667
820,8.2,213114.58976804625,0.06663712311293875,0.8194444444444444
821,8.21,215549.75109964158,0.06739855453642786,0.8166666666666667
822,8.22,221290.00250165522,0.06919342855134882,0.8111111111111111
823,8.23,231295.67287967794,0.07232202284202348,0.8166666666666667
824,8.24,221019.01773464293,0.06910869645815527,0.8055555555555556
825,8.25,224717.17560857954,0.07026504432624266,0.8166666666666667
826,8.26,219972.56942487005,0.06878149077540234,0.825
827,8.27,219095.90585720938,0.06850737374685723,0.8166666666666667
828,8.28,232895.8810818606,0.07282237934549535,0.8138888888888889
829,8.29,219562.18604963916,0.06865317122896245,0.8083333333333333
830,8.3,224717.49012803411,0.07026514267085453,0.8138888888888889
831,8.31,225228.68318912908,0.07042498360424038,0.8111111111111111
832,8.32,219016.17453500745,0.06848244318748392,0.8166666666666667
833,8.33,216104.90313209308,0.06757214065445542,0.8194444444444444
834,8.34,221994.2853356563,0.0694136452055288,0.8194444444444444
835,8.35,222489.93675389935,0.06956862654497868,0.8194444444444444
836,8.36,233958.4701796461,0.07315463196416715,0.8194444444444444
837,8.37,234065.43876599558,0.07318807912921364,0.8138888888888889
838,8.38,221339.6369306854,0.06920894835016468,0.8111111111111111
839,8.39,217813.38947128796,0.06810635379605973,0.8166666666666667
840,8.4,231461.8789217081,0.07237399250067957,0.8194444444444444
841,8.41,221576.4879423198,0.06928300742814185,0.8083333333333333
842,8.42,219309.7356832646,0.06857423451157336,0.8111111111111111
843,8.43,224776.072635131,0.0702834603737482,0.8083333333333333
844,8.44,225305.69497244552,0.0704490638124119,0.8166666666666667
845,8.45,216905.37100399093,0.06782243265082069,0.8277777777777777
846,8.46,221465.14116733856,0.06924819128176384,0.8111111111111111
847,8.47,220909.08971020754,0.06907432392971488,0.8194444444444444
848,8.48,228348.9285965997,0.07140062857339291,0.8277777777777777
849,8.49,223075.78386947326,0.06975181046686947,0.8111111111111111
850,8.5,223357.02973783956,0.06983975102305442,0.8138888888888889
851,8.51,227930.23065451966,0.07126970921050983,0.8083333333333333
852,8.52,217528.79674518935,0.06801736673728201,0.8166666666666667
853,8.53,218684.15266926846,0.06837862588446625,0.8194444444444444
854,8.54,223499.38212961354,0.06988426207162408,0.8194444444444444
855,8.55,232468.7712231263,0.07268882972662503,0.825
856,8.56,221220.82945913138,0.06917179937731725,0.8166666666666667
857,8.57,234766.26202137297,0.07340721403499284,0.8138888888888889
858,8.58,232504.03298794717,0.07269985545023272,0.8194444444444444
859,8.59,219162.31060774942,0.06852813732546456,0.8222222222222222
860,8.6,217429.4255049382,0.06798629512656916,0.8166666666666667
861,8.61,224223.08707032056,0.07011055167142963,0.8166666666666667
862,8.62,220735.6870968273,0.06902010403182568,0.825
863,8.63,224526.59000243444,0.07020545161363641,0.8166666666666667
864,8.64,224062.89769802825,0.0700604633178615,0.8166666666666667
865,8.65,226495.67830903488,0.0708211503325744,0.825
866,8.66,223572.3233713234,0.06990706949419014,0.8222222222222222
867,8.67,222496.75088593946,0.06957075720227511,0.8111111111111111
868,8.68,225201.57321594132,0.07041650680017517,0.8111111111111111
869,8.69,226532.0498060184,0.07083252304959453,0.8138888888888889
870,8.7,218809.78171709852,0.06841790784228961,0.8166666666666667
871,8.71,230675.8633612833,0.07212821948379827,0.8138888888888889
872,8.72,222372.27616726607,0.0695318361825471,0.8083333333333333
873,8.73,222298.0195175427,0.06950861745540621,0.8138888888888889
874,8.74,237768.6071145518,0.07434599368315976,0.8083333333333333
875,8.75,219564.0040550033,0.06865373968674564,0.8111111111111111
876,8.76,233620.1606817051,0.073048848630942,0.8194444444444444
877,8.77,223596.72780706437,0.0699147003250532,0.8138888888888889
878,8.78,225898.309748078,0.0706343638606411,0.8083333333333333
879,8.79,235912.1368729011,0.07376550862025051,0.8222222222222222
880,8.8,229478.7132190468,0.07175389203160595,0.8194444444444444
881,8.81,225714.02674031374,0.07057674185789894,0.8166666666666667
882,8.82,224684.3967989437,0.07025479497834218,0.8111111111111111
883,8.83,224478.81500492452,0.07019051322582234,0.8083333333333333
884,8.84,215392.96354570115,0.06734952987065593,0.8111111111111111
885,8.85,221193.8346145312,0.06916335857190362,0.8138888888888889
886,8.86,233437.15618870835,0.07299162639691609,0.8166666666666667
887,8.87,220453.13581997412,0.06893175529773912,0.8111111111111111
888,8.88,222096.02741548512,0.06944545813540234,0.8166666666666667
889,8.89,223547.49261428099,0.06989930536027594,0.8194444444444444
890,8.9,233385.2242511021,0.07297538820823306,0.8111111111111111
891,8.91,224378.88786567503,0.0701592677954286,0.8111111111111111
892,8.92,225899.3224002108,0.07063468049886339,0.8138888888888889
893,8.93,231431.02600754067,0.07236434534586954,0.8055555555555556
894,8.94,221006.39021934668,0.06910474805982025,0.8111111111111111
895,8.95,222430.75470282018,0.0695501213753977,0.8138888888888889
896,8.96,215093.42443558227,0.06725586934473952,0.8111111111111111
897,8.97,226006.83263682597,0.07066829702826677,0.825
898,8.98,225188.9795745574,0.07041256899360708,0.825
899,8.99,226090.41927942785,0.07069443307742099,0.8111111111111111
900,9.0,225365.10788180644,0.07046764116725134,0.8194444444444444
901,9.01,235910.47771928093,0.07376498983256839,0.8166666666666667
902,9.02,225398.698517816,0.07047814435874868,0.8166666666666667
903,9.03,218538.100392075,0.0683329579478559,0.8166666666666667
904,9.04,223462.51201837556,0.06987273344683857,0.8194444444444444
905,9.05,219891.593281474,0.06875617098269099,0.8083333333333333
906,9.06,231261.83217462126,0.07231144145840472,0.8194444444444444
907,9.07,224616.52987770995,0.07023357420509306,0.8138888888888889
908,9.08,225531.46145625634,0.07051965695665816,0.825
909,9.09,221829.40511487055,0.06936209010747874,0.8138888888888889
910,9.1,228483.6087620203,0.07144274065391153,0.8194444444444444
911,9.11,234009.2122036512,0.07317049808813504,0.8138888888888889
912,9.12,222683.49342046314,0.06962914825507456,0.8194444444444444
913,9.13,225274.85649468066,0.07043942117160693,0.8166666666666667
914,9.14,230621.59384564124,0.07211125037624419,0.8222222222222222
915,9.15,234531.92786571576,0.07333394193289465,0.8194444444444444
916,9.16,226436.2307276762,0.07080256213642099,0.8166666666666667
917,9.17,234378.19058693745,0.07328587103364675,0.8138888888888889
918,9.18,222158.01990701427,0.06946484207947956,0.8166666666666667
919,9.19,212427.60417618408,0.06642231499721302,0.8138888888888889
920,9.2,234392.64876162595,0.07329039184645339,0.8194444444444444
921,9.21,223836.45344224767,0.06998965824643447,0.8194444444444444
922,9.22,225886.8423748153,0.07063077821798418,0.8222222222222222
923,9.23,213251.2269283645,0.06667984711078347,0.8111111111111111
924,9.24,223169.03763172968,0.06978096925155422,0.8111111111111111
925,9.25,232811.98283982914,0.07279614586476887,0.8111111111111111
926,9.26,222348.11866932092,0.06952428256471915,0.8083333333333333
927,9.27,223839.8450902641,0.06999071875414853,0.8222222222222222
928,9.28,225750.6975076022,0.07058820815139441,0.8166666666666667
929,9.29,227956.40138672688,0.07127789233070797,0.8138888888888889
930,9.3,236545.6068959745,0.07396358337412746,0.8194444444444444
931,9.31,215949.2212451135,0.06752346171097998,0.8111111111111111
932,9.32,217307.29174919933,0.06794810608410955,0.8166666666666667
933,9.33,233084.56863071476,0.07288137856951168,0.825
934,9.34,226385.63336386296,0.07078674124510949,0.8138888888888889
935,9.35,222485.37266952178,0.06956719943737005,0.8138888888888889
936,9.36,222437.0045420596,0.06955207558842126,0.8194444444444444
937,9.37,223523.603638115,0.06989183570440889,0.8166666666666667
938,9.38,223280.48122820604,0.06981581567228322,0.8138888888888889
939,9.39,220462.16473094764,0.06893457847682213,0.8166666666666667
940,9.4,226293.1227635547,0.070757814833883,0.8277777777777777
941,9.41,222719.25159686178,0.06964032919770999,0.8111111111111111
942,9.42,221229.98000800033,0.06917466059039608,0.8138888888888889
943,9.43,237434.4561914871,0.07424151066197009,0.8138888888888889
944,9.44,225524.40831156014,0.07051745156437617,0.8111111111111111
945,9.45,225337.30165263856,0.07045894665638569,0.8166666666666667
946,9.46,223607.48410674007,0.06991806362770886,0.8138888888888889
947,9.47,222310.28478416175,0.06951245258505452,0.8277777777777777
948,9.48,214809.33387822387,0.06716703930515133,0.8138888888888889
949,9.49,217548.68812807987,0.06802358641718288,0.8222222222222222
950,9.5,220675.20561021837,0.06900119255198003,0.8027777777777778
951,9.51,218419.3168205647,0.06829581644812499,0.8138888888888889
952,9.52,212333.7944926924,0.06639298238589426,0.8083333333333333
953,9.53,222435.99684313915,0.06955176049897996,0.8027777777777778
954,9.54,220965.44635021297,0.06909194564375315,0.8222222222222222
955,9.55,220260.0063116507,0.0688713671523902,0.8111111111111111
956,9.56,208619.97421209034,0.06523173716318491,0.8138888888888889
957,9.57,218694.5107164977,0.06838186466070008,0.8194444444444444
958,9.58,211428.1145266298,0.06610979244819397,0.8166666666666667
959,9.59,209773.18612586046,0.06559232591666654,0.8138888888888889
960,9.6,197858.25590214503,0.06186674019743462,0.8055555555555556
961,9.61,218361.08324491928,0.06827760784985955,0.8194444444444444
962,9.62,207041.2238221364,0.06473809013407038,0.8166666666666667
963,9.63,204011.52152180756,0.06379075637619717,0.8277777777777777
964,9.64,199851.36269125476,0.062489949066558484,0.8222222222222222
965,9.65,210870.04663800774,0.0659352945940585,0.8194444444444444
966,9.66,196376.78365758868,0.06140351030568319,0.8194444444444444
967,9.67,201642.00437218475,0.06304985071511836,0.8138888888888889
968,9.68,202552.9757687485,0.06333469518855987,0.8194444444444444
969,9.69,201209.1811674898,0.06291451463508373,0.8166666666666667
970,9.7,213054.70705956663,0.06661839886031184,0.8083333333333333
971,9.71,205757.1950144855,0.06433659727603037,0.8194444444444444
972,9.72,210255.64688814888,0.06574318277376283,0.8222222222222222
973,9.73,198196.15222202486,0.06197239433726497,0.8166666666666667
974,9.74,206666.7251885096,0.06462099110494346,0.8138888888888889
975,9.75,210657.63168447764,0.06586887623469222,0.8222222222222222
976,9.76,209388.39614329548,0.06547200896666927,0.8194444444444444
977,9.77,202935.34753757075,0.06345425600634177,0.8194444444444444
978,9.78,199355.91139207664,0.06233503030076337,0.8222222222222222
979,9.79,209511.66244969575,0.06551055213747806,0.8277777777777777
980,9.8,198363.00356083905,0.062024565768691704,0.8166666666666667
981,9.81,209538.49636792086,0.06551894262409051,0.8166666666666667
982,9.82,201378.7410894755,0.06296753299205629,0.8222222222222222
983,9.83,208505.6550891484,0.0651959916167259,0.8083333333333333
984,9.84,208342.04703852208,0.06514483430354655,0.8194444444444444
985,9.85,206263.27807829113,0.06449484040459748,0.8194444444444444
986,9.86,206313.50062688053,0.06451054409788773,0.8222222222222222
987,9.87,208908.99496757312,0.0653221087876066,0.8166666666666667
988,9.88,207745.9554186432,0.06495844710826493,0.8222222222222222
989,9.89,194314.42711958484,0.060758648277816796,0.8111111111111111
990,9.9,202201.8303990122,0.06322489830764655,0.8194444444444444
991,9.91,207822.59055206797,0.06498240954474739,0.8194444444444444
992,9.92,207860.7290443923,0.06499433476962817,0.8222222222222222
993,9.93,210199.68828506288,0.06572568551875496,0.825
994,9.94,201434.2990981521,0.06298490498835238,0.8222222222222222
995,9.95,205601.89301372442,0.06428803711618554,0.8222222222222222
996,9.96,200019.70359469054,0.06254258625821862,0.8194444444444444
997,9.97,199279.58186281292,0.062311163421239844,0.8222222222222222
998,9.98,206056.1501397434,0.06443007520031861,0.8138888888888889
999,9.99,206688.7758025128,0.0646278859378202,0.8194444444444444
1000,10.0,200853.2946400661,0.06280323527890272,0.8222222222222222
1001,10.01,208824.26468214422,0.0652956151417813,0.825
1002,10.02,199744.85367895153,0.06245664560210205,0.8194444444444444
1003,10.03,207817.84357759383,0.06498092525067446,0.825
1004,10.04,194927.85414968373,0.06095045594602945,0.825
1005,10.05,207891.5107407984,0.06500395965591714,0.825
1006,10.06,206979.41107332465,0.06471876239232822,0.8305555555555556
1007,10.07,199546.2191950952,0.06239453614929727,0.825
1008,10.08,208187.0017634661,0.06509635441724111,0.8194444444444444
1009,10.09,210315.04362711636,0.06576175507240926,0.825
1010,10.1,202507.26233634196,0.06332040141530622,0.8222222222222222
1011,10.11,205510.85186315718,0.06425957017562885,0.8305555555555556
1012,10.12,201417.93255703987,0.06297978746347425,0.825
1013,10.13,209045.33661831357,0.06536474038488814,0.8222222222222222
1014,10.14,207865.9206995537,0.064995958107404,0.8277777777777777
1015,10.15,209040.5854344642,0.06536325477461882,0.8194444444444444
1016,10.16,197861.75501947483,0.06186783430888211,0.8194444444444444
1017,10.17,210491.14186369913,0.06581681784349362,0.825
1018,10.18,211429.69901601074,0.066110287889703,0.8138888888888889
1019,10.19,206753.59207031244,0.0646481528262664,0.8138888888888889
1020,10.2,202836.40571957148,0.0634233186682918,0.8222222222222222
1021,10.21,210405.7820452616,0.0657901273539485,0.8194444444444444
1022,10.22,209697.58407931853,0.06556868650798744,0.8194444444444444
1023,10.23,204532.1072996263,0.06395353424422165,0.8166666666666667
1024,10.24,201802.56867259592,0.06310005630200796,0.8166666666666667
1025,10.25,209992.38674255557,0.06566086603162086,0.8111111111111111
1026,10.26,202538.4622324429,0.06333015706516507,0.8111111111111111
1027,10.27,206803.06498454444,0.06466362212229172,0.8111111111111111
1028,10.28,205989.21682880938,0.0644091463503233,0.8111111111111111
1029,10.29,211567.8483712908,0.06615348472388405,0.8194444444444444
1030,10.3,198611.8056866692,0.06210236174646943,0.8194444444444444
1031,10.31,211186.844996903,0.06603435177858377,0.825
1032,10.32,203806.25295701303,0.06372657256485739,0.8166666666666667
1033,10.33,210926.4084306247,0.06595291791922629,0.825
1034,10.34,206581.87397334553,0.06459445964655142,0.8194444444444444
1035,10.35,212853.47738469197,0.06655547793766084,0.8138888888888889
1036,10.36,209507.0762276112,0.06550911810780413,0.825
1037,10.37,208608.5191319334,0.06522815536436243,0.8194444444444444
1038,10.38,209731.76660123473,0.0655793747716287,0.8166666666666667
1039,10.39,213142.1649013895,0.06664574536427052,0.8138888888888889
1040,10.4,211592.27865268366,0.0661611236362205,0.8222222222222222
1041,10.41,215363.97517510146,0.06734046572529358,0.8194444444444444
1042,10.42,213446.4779718263,0.06674089862225087,0.8277777777777777
1043,10.43,210198.2282872337,0.06572522900352908,0.8222222222222222
1044,10.44,217072.54847481803,0.06787470605789873,0.8138888888888889
1045,10.45,216933.64369722857,0.0678312730166636,0.8138888888888889
1046,10.46,218401.36180208804,0.06829020223476667,0.8083333333333333
1047,10.47,211677.19862830744,0.06618767659477932,0.8222222222222222
1048,10.48,216765.39804795175,0.06777866560927644,0.8194444444444444
1049,10.49,204728.85074914794,0.06401505240438941,0.8166666666666667
1050,10.5,213885.83816374536,0.0668782787013515,0.8083333333333333
1051,10.51,211519.03798232248,0.06613822258766702,0.8027777777777778
1052,10.52,208645.40338096386,0.06523968840978295,0.8083333333333333
1053,10.53,219249.86460933587,0.06855551389686258,0.8055555555555556
1054,10.54,220561.6306931379,0.06896567970539232,0.8138888888888889
1055,10.55,215565.6781571519,0.0674035346426388,0.8166666666666667
1056,10.56,212445.14473956512,0.06642779961787068,0.8111111111111111
1057,10.57,221017.32116435398,0.0691081659709496,0.8083333333333333
1058,10.58,213198.24429199213,0.06666328038737596,0.8
1059,10.59,215437.49435283965,0.06736345385812592,0.8194444444444444
1060,10.6,213163.3895214144,0.06665238192359368,0.8111111111111111
1061,10.61,215842.9851296419,0.06749024357648516,0.8194444444444444
1062,10.62,213871.44784831052,0.0668737791069206,0.8194444444444444
1063,10.63,216555.22789221667,0.06771294915805821,0.8222222222222222
1064,10.64,203978.9476334335,0.0637805711035126,0.8138888888888889
1065,10.65,217605.59011505524,0.06804137865147138,0.8222222222222222
1066,10.66,221826.7147302949,0.06936124887230857,0.8194444444444444
1067,10.67,224021.83781083027,0.07004762462501933,0.8083333333333333
1068,10.68,222734.87032362283,0.06964521289440656,0.8083333333333333
1069,10.69,215674.5207463119,0.0674375677748691,0.8222222222222222
1070,10.7,222569.3135937287,0.06959344626404991,0.8194444444444444
1071,10.71,214247.67881114507,0.06699141980442795,0.8166666666666667
1072,10.72,216367.42766285044,0.06765422738298624,0.8194444444444444
1073,10.73,218287.95713329414,0.06825474262177526,0.8138888888888889
1074,10.74,222202.81943533104,0.06947885009125902,0.8166666666666667
1075,10.75,215854.98175230093,0.06749399470596879,0.8138888888888889
1076,10.76,220995.35026408092,0.06910129606313149,0.8222222222222222
1077,10.77,217259.11652186775,0.06793304255158376,0.8055555555555556
1078,10.78,217253.65757895404,0.06793133563770516,0.8166666666666667
1079,10.79,229667.84456546497,0.07181303002318831,0.8222222222222222
1080,10.8,226540.306839852,0.07083510487649206,0.8138888888888889
1081,10.81,209206.45292992794,0.0654151185758146,0.8138888888888889
1082,10.82,221668.4349863104,0.06931175762538053,0.8166666666666667
1083,10.83,207497.17906808876,0.06488065918995521,0.8222222222222222
1084,10.84,229746.66211699866,0.07183767486280596,0.825
1085,10.85,230717.83633493667,0.07214134368245498,0.8138888888888889
1086,10.86,221906.89544203476,0.06938631994775821,0.8166666666666667
1087,10.87,220892.52656639568,0.06906914493068657,0.8138888888888889
1088,10.88,220526.55688989698,0.06895471275401116,0.8166666666666667
1089,10.89,221482.47262378572,0.06925361051842076,0.8166666666666667
1090,10.9,221779.19515042176,0.06934639034902433,0.8111111111111111
1091,10.91,224523.059554998,0.07020434770582455,0.8166666666666667
1092,10.92,222905.8959854497,0.06969868956202953,0.8166666666666667
1093,10.93,219837.9298968059,0.06873939140145877,0.8194444444444444
1094,10.94,232938.72987509434,0.07283577739728085,0.8111111111111111
1095,10.95,225734.87645323479,0.07058326119047163,0.8194444444444444
1096,10.96,218864.66667438534,0.06843506938744591,0.8166666666666667
1097,10.97,212777.52835157365,0.06653173003248117,0.8194444444444444
1098,10.98,223587.55186168032,0.06991183117093802,0.8194444444444444
1099,10.99,232353.0436316472,0.07265264377722873,0.8083333333333333
1100,11.0,216122.3327962995,0.06757759059892335,0.8111111111111111
1101,11.01,219895.31586736557,0.06875733496876357,0.8111111111111111
1102,11.02,222631.79001190583,0.0696129815233405,0.8166666666666667
1103,11.03,222276.25143995282,0.06950181096661598,0.8277777777777777
1104,11.04,224322.6002681228,0.07014166766973141,0.8166666666666667
1105,11.05,233365.2375123981,0.07296913871227365,0.8055555555555556
1106,11.06,223432.23656079874,0.06986326685238324,0.7972222222222223
1107,11.07,225723.98898995452,0.07057985687530118,0.8138888888888889
1108,11.08,216602.70981448042,0.06772779590648108,0.8111111111111111
1109,11.09,223165.0446708196,0.06977972072404591,0.8166666666666667
1110,11.1,225349.0722226105,0.07046262710323441,0.8111111111111111
1111,11.11,212257.60828011972,0.06636916031893846,0.8027777777777778
1112,11.12,219149.87641190848,0.06852424937466793,0.8027777777777778
1113,11.13,222891.82302797533,0.06969428919976055,0.8222222222222222
1114,11.14,224950.43846968623,0.07033798145368268,0.8138888888888889
1115,11.15,225490.11655139597,0.07050672914388724,0.8138888888888889
1116,11.16,223573.3286290701,0.06990738382032002,0.8138888888888889
1117,11.17,218580.81134354227,0.06834631289898474,0.8194444444444444
1118,11.18,222852.17085790215,0.06968189067490246,0.8138888888888889
1119,11.19,232583.15812737047,0.07272459646708575,0.8222222222222222
1120,11.2,231444.99210660605,0.07236871229542396,0.8083333333333333
1121,11.21,227285.04340173115,0.07106797068832907,0.8222222222222222
1122,11.22,237111.8784395642,0.07414064636454315,0.8166666666666667
1123,11.23,217866.88871035946,0.06812308205189777,0.8111111111111111
1124,11.24,223488.40715892997,0.06988083039445266,0.8194444444444444
1125,11.25,225442.5862259599,0.07049186726065752,0.8222222222222222
1126,11.26,223749.70881901906,0.0699625347531825,0.8083333333333333
1127,11.27,224620.04371636803,0.07023467291963677,0.8194444444444444
1128,11.28,229873.6163419356,0.07187737117982505,0.8138888888888889
1129,11.29,225290.66193335576,0.07044436324978183,0.8083333333333333
1130,11.3,234247.7535416435,0.07324508570095224,0.8222222222222222
1131,11.31,232840.04148196185,0.07280491930065712,0.8083333333333333
1132,11.32,232724.68842469063,0.0727688504614134,0.8222222222222222
1133,11.33,223164.03005426284,0.06977940347158337,0.825
1134,11.34,226602.98864602187,0.07085470435693696,0.825
1135,11.35,228748.9266997718,0.0715257008308814,0.8166666666666667
1136,11.36,220178.3766631156,0.06884584302030229,0.8111111111111111
1137,11.37,225146.09816318628,0.07039916074271303,0.8166666666666667
1138,11.38,220265.6204191342,0.06887312258345644,0.8138888888888889
1139,11.39,229535.62598237465,0.07177168763546725,0.8194444444444444
1140,11.4,229148.78893537595,0.07165073060500982,0.8055555555555556
1141,11.41,225582.74920550338,0.07053569371915519,0.825
1142,11.42,228005.14008778185,0.07129313205139579,0.8138888888888889
1143,11.43,236511.6532483904,0.07395296667539908,0.8138888888888889
1144,11.44,226979.8777468496,0.07097255084243154,0.8138888888888889
1145,11.45,223361.80787967547,0.0698412450626043,0.8222222222222222
1146,11.46,231882.3764379241,0.07250547455823024,0.825
1147,11.47,232089.5342962203,0.0725702491178797,0.8138888888888889
1148,11.48,216759.68157733764,0.06777687817108885,0.8138888888888889
1149,11.49,225078.68927603113,0.07037808318853361,0.8111111111111111
1150,11.5,226041.02734481747,0.07067898910227596,0.8222222222222222
1151,11.51,220032.57201917146,0.06880025251418294,0.8194444444444444
1152,11.52,200189.56858666247,0.0625957000051232,0.8222222222222222
1153,11.53,199070.38002612736,0.06224574974608114,0.825
1154,11.54,194536.04103175405,0.06082794298713179,0.8166666666666667
