Model,TBS2072
Firmware Version,v1.26.0

Point Format,Y
Horizontal Units,S
Horizontal Scale,4e-07
Sample Interval,4e-09
Filter Frequency,1e+08
Record Length,2000
Gating,0.0% to 100.0%
Probe Attenuation,1
Vertical Units,V
Vertical Offset,0
Vertical Scale,0.5
Label,
TIME,CH2
-2.880e-06,-0.025
-2.876e-06,-0.025
-2.872e-06,0.025
-2.868e-06,0
-2.864e-06,0
-2.860e-06,0.025
-2.856e-06,0
-2.852e-06,0
-2.848e-06,0
-2.844e-06,0
-2.840e-06,0
-2.836e-06,0
-2.832e-06,0
-2.828e-06,0
-2.824e-06,0
-2.820e-06,0
-2.816e-06,0
-2.812e-06,0
-2.808e-06,0
-2.804e-06,-0.025
-2.800e-06,0
-2.796e-06,-0.025
-2.792e-06,-0.025
-2.788e-06,0
-2.784e-06,0
-2.780e-06,0
-2.776e-06,0.025
-2.772e-06,0.025
-2.768e-06,0
-2.764e-06,0
-2.760e-06,0
-2.756e-06,0
-2.752e-06,0.025
-2.748e-06,0
-2.744e-06,-0.025
-2.740e-06,0
-2.736e-06,0
-2.732e-06,0
-2.728e-06,0
-2.724e-06,0.025
-2.720e-06,0
-2.716e-06,-0.025
-2.712e-06,0
-2.708e-06,0
-2.704e-06,0
-2.700e-06,0
-2.696e-06,0
-2.692e-06,0
-2.688e-06,0
-2.684e-06,0
-2.680e-06,0.025
-2.676e-06,0
-2.672e-06,0
-2.668e-06,0
-2.664e-06,-0.025
-2.660e-06,-0.025
-2.656e-06,0
-2.652e-06,0
-2.648e-06,0
-2.644e-06,-0.025
-2.640e-06,0
-2.636e-06,0
-2.632e-06,0
-2.628e-06,0
-2.624e-06,0
-2.620e-06,0.025
-2.616e-06,0
-2.612e-06,-0.025
-2.608e-06,0
-2.604e-06,0
-2.600e-06,0
-2.596e-06,-0.025
-2.592e-06,0.025
-2.588e-06,-0.025
-2.584e-06,0
-2.580e-06,0
-2.576e-06,-0.025
-2.572e-06,-0.025
-2.568e-06,0
-2.564e-06,0
-2.560e-06,0
-2.556e-06,-0.025
-2.552e-06,0
-2.548e-06,0
-2.544e-06,0
-2.540e-06,0
-2.536e-06,0
-2.532e-06,0
-2.528e-06,-0.025
-2.524e-06,0
-2.520e-06,-0.025
-2.516e-06,-0.025
-2.512e-06,0
-2.508e-06,0
-2.504e-06,0
-2.500e-06,0
-2.496e-06,0
-2.492e-06,0
-2.488e-06,0
-2.484e-06,0
-2.480e-06,0
-2.476e-06,-0.025
-2.472e-06,0
-2.468e-06,-0.025
-2.464e-06,0
-2.460e-06,-0.025
-2.456e-06,0
-2.452e-06,-0.025
-2.448e-06,0
-2.444e-06,0
-2.440e-06,0
-2.436e-06,0
-2.432e-06,0
-2.428e-06,0
-2.424e-06,0
-2.420e-06,0
-2.416e-06,0
-2.412e-06,0
-2.408e-06,0
-2.404e-06,0
-2.400e-06,0.025
-2.396e-06,0
-2.392e-06,0.025
-2.388e-06,-0.025
-2.384e-06,-0.025
-2.380e-06,0
-2.376e-06,-0.025
-2.372e-06,0
-2.368e-06,0
-2.364e-06,0
-2.360e-06,0
-2.356e-06,0
-2.352e-06,0
-2.348e-06,0
-2.344e-06,0
-2.340e-06,0
-2.336e-06,0
-2.332e-06,0
-2.328e-06,-0.025
-2.324e-06,0
-2.320e-06,-0.025
-2.316e-06,0
-2.312e-06,0
-2.308e-06,0
-2.304e-06,-0.025
-2.300e-06,0
-2.296e-06,0
-2.292e-06,0
-2.288e-06,0
-2.284e-06,0
-2.280e-06,0
-2.276e-06,0
-2.272e-06,0
-2.268e-06,0
-2.264e-06,0
-2.260e-06,0
-2.256e-06,0
-2.252e-06,0
-2.248e-06,0
-2.244e-06,-0.025
-2.240e-06,-0.025
-2.236e-06,0
-2.232e-06,-0.025
-2.228e-06,0
-2.224e-06,0
-2.220e-06,0
-2.216e-06,0
-2.212e-06,0
-2.208e-06,0
-2.204e-06,0
-2.200e-06,0
-2.196e-06,0.025
-2.192e-06,0
-2.188e-06,0
-2.184e-06,0
-2.180e-06,0.025
-2.176e-06,0
-2.172e-06,0.025
-2.168e-06,0
-2.164e-06,0
-2.160e-06,0
-2.156e-06,0
-2.152e-06,0.025
-2.148e-06,0
-2.144e-06,-0.025
-2.140e-06,0
-2.136e-06,0
-2.132e-06,-0.025
-2.128e-06,0
-2.124e-06,0.025
-2.120e-06,-0.025
-2.116e-06,0
-2.112e-06,0
-2.108e-06,0
-2.104e-06,0
-2.100e-06,0
-2.096e-06,0
-2.092e-06,-0.025
-2.088e-06,0
-2.084e-06,0
-2.080e-06,0
-2.076e-06,0
-2.072e-06,0.025
-2.068e-06,0
-2.064e-06,0
-2.060e-06,0
-2.056e-06,-0.025
-2.052e-06,0
-2.048e-06,0
-2.044e-06,0
-2.040e-06,0
-2.036e-06,0
-2.032e-06,0
-2.028e-06,0
-2.024e-06,0
-2.020e-06,0
-2.016e-06,0
-2.012e-06,0
-2.008e-06,0
-2.004e-06,0
-2.000e-06,-0.025
-1.996e-06,-0.025
-1.992e-06,0.025
-1.988e-06,0
-1.984e-06,0
-1.980e-06,0
-1.976e-06,0
-1.972e-06,0
-1.968e-06,0
-1.964e-06,0
-1.960e-06,0
-1.956e-06,-0.025
-1.952e-06,0
-1.948e-06,0
-1.944e-06,-0.025
-1.940e-06,0
-1.936e-06,-0.025
-1.932e-06,0.025
-1.928e-06,-0.025
-1.924e-06,-0.025
-1.920e-06,0
-1.916e-06,0
-1.912e-06,0
-1.908e-06,0
-1.904e-06,0
-1.900e-06,-0.025
-1.896e-06,0
-1.892e-06,0
-1.888e-06,-0.025
-1.884e-06,0
-1.880e-06,0
-1.876e-06,0
-1.872e-06,0
-1.868e-06,0
-1.864e-06,0.025
-1.860e-06,0
-1.856e-06,0
-1.852e-06,0
-1.848e-06,0
-1.844e-06,0
-1.840e-06,0
-1.836e-06,0
-1.832e-06,0
-1.828e-06,-0.025
-1.824e-06,0
-1.820e-06,0
-1.816e-06,0
-1.812e-06,0
-1.808e-06,-0.025
-1.804e-06,0
-1.800e-06,0
-1.796e-06,0
-1.792e-06,0
-1.788e-06,0
-1.784e-06,0
-1.780e-06,0
-1.776e-06,0
-1.772e-06,0
-1.768e-06,0
-1.764e-06,0
-1.760e-06,0
-1.756e-06,0.025
-1.752e-06,0.025
-1.748e-06,0
-1.744e-06,0
-1.740e-06,0.025
-1.736e-06,0
-1.732e-06,0
-1.728e-06,0
-1.724e-06,0
-1.720e-06,0
-1.716e-06,0
-1.712e-06,0
-1.708e-06,0
-1.704e-06,0
-1.700e-06,0
-1.696e-06,0
-1.692e-06,0
-1.688e-06,0
-1.684e-06,0
-1.680e-06,0
-1.676e-06,0
-1.672e-06,0
-1.668e-06,-0.025
-1.664e-06,0
-1.660e-06,0.025
-1.656e-06,0
-1.652e-06,0
-1.648e-06,0
-1.644e-06,-0.025
-1.640e-06,0
-1.636e-06,0
-1.632e-06,0
-1.628e-06,0
-1.624e-06,0
-1.620e-06,0
-1.616e-06,0
-1.612e-06,0
-1.608e-06,0
-1.604e-06,0
-1.600e-06,0
-1.596e-06,0
-1.592e-06,0
-1.588e-06,0
-1.584e-06,0
-1.580e-06,0
-1.576e-06,0
-1.572e-06,-0.025
-1.568e-06,0.025
-1.564e-06,-0.025
-1.560e-06,-0.025
-1.556e-06,0.025
-1.552e-06,0
-1.548e-06,0
-1.544e-06,0.025
-1.540e-06,0
-1.536e-06,0
-1.532e-06,-0.025
-1.528e-06,0
-1.524e-06,0
-1.520e-06,0.025
-1.516e-06,0
-1.512e-06,-0.025
-1.508e-06,0
-1.504e-06,-0.025
-1.500e-06,0
-1.496e-06,0
-1.492e-06,0
-1.488e-06,-0.025
-1.484e-06,0
-1.480e-06,0
-1.476e-06,0
-1.472e-06,-0.025
-1.468e-06,0
-1.464e-06,0
-1.460e-06,0.025
-1.456e-06,0
-1.452e-06,0
-1.448e-06,0
-1.444e-06,0
-1.440e-06,0
-1.436e-06,0
-1.432e-06,-0.025
-1.428e-06,0
-1.424e-06,0
-1.420e-06,0
-1.416e-06,0
-1.412e-06,0
-1.408e-06,-0.025
-1.404e-06,0
-1.400e-06,0
-1.396e-06,0
-1.392e-06,0
-1.388e-06,0
-1.384e-06,0
-1.380e-06,0
-1.376e-06,-0.025
-1.372e-06,0
-1.368e-06,0
-1.364e-06,0
-1.360e-06,0
-1.356e-06,0
-1.352e-06,0
-1.348e-06,0
-1.344e-06,0
-1.340e-06,0
-1.336e-06,0
-1.332e-06,-0.025
-1.328e-06,0
-1.324e-06,0
-1.320e-06,0.025
-1.316e-06,0
-1.312e-06,0
-1.308e-06,0
-1.304e-06,-0.025
-1.300e-06,0.025
-1.296e-06,0
-1.292e-06,0
-1.288e-06,0
-1.284e-06,0
-1.280e-06,0
-1.276e-06,0
-1.272e-06,-0.025
-1.268e-06,0
-1.264e-06,0
-1.260e-06,0
-1.256e-06,-0.025
-1.252e-06,-0.025
-1.248e-06,0
-1.244e-06,-0.025
-1.240e-06,0
-1.236e-06,0
-1.232e-06,0
-1.228e-06,0
-1.224e-06,0
-1.220e-06,0.025
-1.216e-06,0
-1.212e-06,-0.025
-1.208e-06,0
-1.204e-06,0
-1.200e-06,0
-1.196e-06,0
-1.192e-06,0
-1.188e-06,0
-1.184e-06,0
-1.180e-06,0
-1.176e-06,-0.025
-1.172e-06,0
-1.168e-06,0
-1.164e-06,0
-1.160e-06,0
-1.156e-06,0
-1.152e-06,0
-1.148e-06,-0.025
-1.144e-06,0
-1.140e-06,0
-1.136e-06,0
-1.132e-06,0
-1.128e-06,-0.025
-1.124e-06,-0.025
-1.120e-06,0
-1.116e-06,0
-1.112e-06,-0.025
-1.108e-06,0
-1.104e-06,0
-1.100e-06,0
-1.096e-06,0
-1.092e-06,-0.025
-1.088e-06,0
-1.084e-06,0
-1.080e-06,0
-1.076e-06,0
-1.072e-06,0
-1.068e-06,0
-1.064e-06,0
-1.060e-06,0
-1.056e-06,0
-1.052e-06,0
-1.048e-06,0
-1.044e-06,-0.025
-1.040e-06,0.025
-1.036e-06,0
-1.032e-06,-0.025
-1.028e-06,0.025
-1.024e-06,0
-1.020e-06,0
-1.016e-06,0
-1.012e-06,-0.025
-1.008e-06,-0.025
-1.004e-06,-0.025
-1.000e-06,-0.025
-9.960e-07,0
-9.920e-07,0
-9.880e-07,0
-9.840e-07,-0.025
-9.800e-07,0
-9.760e-07,0
-9.720e-07,0
-9.680e-07,0
-9.640e-07,0
-9.600e-07,0
-9.560e-07,0.025
-9.520e-07,0
-9.480e-07,0
-9.440e-07,0
-9.400e-07,0
-9.360e-07,-0.025
-9.320e-07,0
-9.280e-07,-0.025
-9.240e-07,0
-9.200e-07,-0.025
-9.160e-07,0
-9.120e-07,-0.025
-9.080e-07,-0.025
-9.040e-07,0
-9.000e-07,0
-8.960e-07,0
-8.920e-07,0
-8.880e-07,0
-8.840e-07,0
-8.800e-07,0
-8.760e-07,0
-8.720e-07,0
-8.680e-07,0
-8.640e-07,0
-8.600e-07,0
-8.560e-07,0
-8.520e-07,0
-8.480e-07,-0.025
-8.440e-07,-0.025
-8.400e-07,-0.025
-8.360e-07,0
-8.320e-07,0
-8.280e-07,-0.025
-8.240e-07,0
-8.200e-07,-0.025
-8.160e-07,-0.025
-8.120e-07,0
-8.080e-07,0
-8.040e-07,0
-8.000e-07,0
-7.960e-07,0
-7.920e-07,-0.025
-7.880e-07,0
-7.840e-07,0
-7.800e-07,0
-7.760e-07,0.025
-7.720e-07,0
-7.680e-07,0
-7.640e-07,0
-7.600e-07,-0.025
-7.560e-07,-0.025
-7.520e-07,0
-7.480e-07,-0.025
-7.440e-07,-0.025
-7.400e-07,-0.025
-7.360e-07,0
-7.320e-07,0
-7.280e-07,0
-7.240e-07,0
-7.200e-07,-0.025
-7.160e-07,0
-7.120e-07,-0.025
-7.080e-07,0
-7.040e-07,0
-7.000e-07,0
-6.960e-07,-0.025
-6.920e-07,-0.025
-6.880e-07,-0.025
-6.840e-07,0
-6.800e-07,0
-6.760e-07,0
-6.720e-07,0
-6.680e-07,0
-6.640e-07,0.025
-6.600e-07,0
-6.560e-07,0
-6.520e-07,0
-6.480e-07,0
-6.440e-07,0
-6.400e-07,0
-6.360e-07,-0.025
-6.320e-07,0
-6.280e-07,0
-6.240e-07,0
-6.200e-07,0
-6.160e-07,0.025
-6.120e-07,0.025
-6.080e-07,0
-6.040e-07,0.025
-6.000e-07,0
-5.960e-07,0
-5.920e-07,0
-5.880e-07,0
-5.840e-07,0
-5.800e-07,0.025
-5.760e-07,0
-5.720e-07,0.025
-5.680e-07,0
-5.640e-07,0
-5.600e-07,0
-5.560e-07,0.025
-5.520e-07,0.025
-5.480e-07,0.025
-5.440e-07,0.025
-5.400e-07,0.025
-5.360e-07,0.025
-5.320e-07,0.025
-5.280e-07,0.025
-5.240e-07,0.025
-5.200e-07,0.025
-5.160e-07,0.025
-5.120e-07,0.025
-5.080e-07,0
-5.040e-07,0.025
-5.000e-07,0.025
-4.960e-07,0.025
-4.920e-07,0
-4.880e-07,0.025
-4.840e-07,0.025
-4.800e-07,0.05
-4.760e-07,0.05
-4.720e-07,0.05
-4.680e-07,0.025
-4.640e-07,0
-4.600e-07,0.025
-4.560e-07,0.025
-4.520e-07,0.025
-4.480e-07,0.05
-4.440e-07,0.025
-4.400e-07,0.025
-4.360e-07,0.025
-4.320e-07,0.025
-4.280e-07,0.05
-4.240e-07,0.025
-4.200e-07,0.025
-4.160e-07,0
-4.120e-07,0.025
-4.080e-07,0.025
-4.040e-07,0.025
-4.000e-07,0.025
-3.960e-07,0.025
-3.920e-07,0
-3.880e-07,0
-3.840e-07,0
-3.800e-07,0
-3.760e-07,0.025
-3.720e-07,0
-3.680e-07,0
-3.640e-07,0
-3.600e-07,0
-3.560e-07,0
-3.520e-07,0
-3.480e-07,-0.025
-3.440e-07,0
-3.400e-07,0
-3.360e-07,-0.025
-3.320e-07,-0.025
-3.280e-07,-0.025
-3.240e-07,-0.025
-3.200e-07,-0.025
-3.160e-07,-0.025
-3.120e-07,-0.025
-3.080e-07,-0.025
-3.040e-07,-0.025
-3.000e-07,-0.05
-2.960e-07,-0.05
-2.920e-07,-0.025
-2.880e-07,-0.05
-2.840e-07,-0.05
-2.800e-07,-0.05
-2.760e-07,-0.05
-2.720e-07,-0.075
-2.680e-07,-0.05
-2.640e-07,-0.05
-2.600e-07,-0.075
-2.560e-07,-0.075
-2.520e-07,-0.075
-2.480e-07,-0.075
-2.440e-07,-0.075
-2.400e-07,-0.075
-2.360e-07,-0.075
-2.320e-07,-0.075
-2.280e-07,-0.075
-2.240e-07,-0.075
-2.200e-07,-0.075
-2.160e-07,-0.05
-2.120e-07,-0.075
-2.080e-07,-0.075
-2.040e-07,-0.1
-2.000e-07,-0.075
-1.960e-07,-0.05
-1.920e-07,-0.1
-1.880e-07,-0.075
-1.840e-07,-0.075
-1.800e-07,-0.075
-1.760e-07,-0.075
-1.720e-07,-0.075
-1.680e-07,-0.075
-1.640e-07,-0.05
-1.600e-07,-0.075
-1.560e-07,-0.05
-1.520e-07,-0.05
-1.480e-07,-0.05
-1.440e-07,-0.05
-1.400e-07,-0.05
-1.360e-07,-0.05
-1.320e-07,-0.05
-1.280e-07,-0.05
-1.240e-07,-0.05
-1.200e-07,-0.025
-1.160e-07,-0.05
-1.120e-07,-0.025
-1.080e-07,-0.025
-1.040e-07,-0.05
-1.000e-07,-0.025
-9.600e-08,-0.025
-9.200e-08,-0.025
-8.800e-08,-0.025
-8.400e-08,0
-8.000e-08,0
-7.600e-08,0
-7.200e-08,0
-6.800e-08,0
-6.400e-08,0.025
-6.000e-08,0.05
-5.600e-08,0.025
-5.200e-08,0.025
-4.800e-08,0.025
-4.400e-08,0.05
-4.000e-08,0.025
-3.600e-08,0.05
-3.200e-08,0.05
-2.800e-08,0.05
-2.400e-08,0.05
-2.000e-08,0.05
-1.600e-08,0.05
-1.200e-08,0.075
-8.000e-09,0.075
-4.000e-09,0.075
-1.197e-20,0.075
4.000e-09,0.1
8.000e-09,0.1
1.200e-08,0.1
1.600e-08,0.1
2.000e-08,0.1
2.400e-08,0.125
2.800e-08,0.1
3.200e-08,0.1
3.600e-08,0.125
4.000e-08,0.1
4.400e-08,0.1
4.800e-08,0.1
5.200e-08,0.075
5.600e-08,0.1
6.000e-08,0.1
6.400e-08,0.1
6.800e-08,0.1
7.200e-08,0.1
7.600e-08,0.1
8.000e-08,0.1
8.400e-08,0.1
8.800e-08,0.1
9.200e-08,0.1
9.600e-08,0.1
1.000e-07,0.1
1.040e-07,0.075
1.080e-07,0.075
1.120e-07,0.1
1.160e-07,0.075
1.200e-07,0.075
1.240e-07,0.075
1.280e-07,0.075
1.320e-07,0.05
1.360e-07,0.05
1.400e-07,0.075
1.440e-07,0.075
1.480e-07,0.05
1.520e-07,0.05
1.560e-07,0.05
1.600e-07,0.025
1.640e-07,0
1.680e-07,0.025
1.720e-07,0.025
1.760e-07,0
1.800e-07,0.025
1.840e-07,0
1.880e-07,-0.025
1.920e-07,-0.025
1.960e-07,-0.025
2.000e-07,-0.025
2.040e-07,-0.025
2.080e-07,-0.025
2.120e-07,-0.025
2.160e-07,-0.05
2.200e-07,-0.05
2.240e-07,-0.05
2.280e-07,-0.075
2.320e-07,-0.075
2.360e-07,-0.075
2.400e-07,-0.075
2.440e-07,-0.1
2.480e-07,-0.075
2.520e-07,-0.1
2.560e-07,-0.1
2.600e-07,-0.125
2.640e-07,-0.1
2.680e-07,-0.1
2.720e-07,-0.125
2.760e-07,-0.125
2.800e-07,-0.125
2.840e-07,-0.125
2.880e-07,-0.15
2.920e-07,-0.15
2.960e-07,-0.15
3.000e-07,-0.15
3.040e-07,-0.15
3.080e-07,-0.15
3.120e-07,-0.125
3.160e-07,-0.15
3.200e-07,-0.15
3.240e-07,-0.15
3.280e-07,-0.175
3.320e-07,-0.15
3.360e-07,-0.15
3.400e-07,-0.125
3.440e-07,-0.125
3.480e-07,-0.15
3.520e-07,-0.125
3.560e-07,-0.15
3.600e-07,-0.125
3.640e-07,-0.15
3.680e-07,-0.125
3.720e-07,-0.125
3.760e-07,-0.15
3.800e-07,-0.125
3.840e-07,-0.125
3.880e-07,-0.125
3.920e-07,-0.1
3.960e-07,-0.1
4.000e-07,-0.1
4.040e-07,-0.1
4.080e-07,-0.1
4.120e-07,-0.1
4.160e-07,-0.075
4.200e-07,-0.1
4.240e-07,-0.075
4.280e-07,-0.075
4.320e-07,-0.075
4.360e-07,-0.075
4.400e-07,-0.05
4.440e-07,-0.05
4.480e-07,-0.05
4.520e-07,-0.05
4.560e-07,-0.025
4.600e-07,-0.025
4.640e-07,-0.025
4.680e-07,-0.025
4.720e-07,-0.025
4.760e-07,0
4.800e-07,0
4.840e-07,0
4.880e-07,0.025
4.920e-07,0.025
4.960e-07,0.025
5.000e-07,0.025
5.040e-07,0.05
5.080e-07,0.05
5.120e-07,0.075
5.160e-07,0.05
5.200e-07,0.075
5.240e-07,0.075
5.280e-07,0.075
5.320e-07,0.1
5.360e-07,0.1
5.400e-07,0.1
5.440e-07,0.125
5.480e-07,0.125
5.520e-07,0.1
5.560e-07,0.125
5.600e-07,0.15
5.640e-07,0.15
5.680e-07,0.15
5.720e-07,0.125
5.760e-07,0.125
5.800e-07,0.15
5.840e-07,0.15
5.880e-07,0.125
5.920e-07,0.15
5.960e-07,0.125
6.000e-07,0.125
6.040e-07,0.15
6.080e-07,0.125
6.120e-07,0.15
6.160e-07,0.15
6.200e-07,0.15
6.240e-07,0.125
6.280e-07,0.15
6.320e-07,0.175
6.360e-07,0.125
6.400e-07,0.15
6.440e-07,0.15
6.480e-07,0.15
6.520e-07,0.15
6.560e-07,0.125
6.600e-07,0.15
6.640e-07,0.125
6.680e-07,0.125
6.720e-07,0.125
6.760e-07,0.125
6.800e-07,0.1
6.840e-07,0.1
6.880e-07,0.1
6.920e-07,0.075
6.960e-07,0.1
7.000e-07,0.125
7.040e-07,0.1
7.080e-07,0.075
7.120e-07,0.075
7.160e-07,0.05
7.200e-07,0.05
7.240e-07,0.075
7.280e-07,0.05
7.320e-07,0.075
7.360e-07,0.025
7.400e-07,0.025
7.440e-07,0.05
7.480e-07,0
7.520e-07,0.025
7.560e-07,0
7.600e-07,0
7.640e-07,0
7.680e-07,0
7.720e-07,-0.025
7.760e-07,-0.025
7.800e-07,-0.025
7.840e-07,-0.05
7.880e-07,-0.05
7.920e-07,-0.05
7.960e-07,-0.075
8.000e-07,-0.05
8.040e-07,-0.075
8.080e-07,-0.075
8.120e-07,-0.075
8.160e-07,-0.075
8.200e-07,-0.1
8.240e-07,-0.1
8.280e-07,-0.1
8.320e-07,-0.1
8.360e-07,-0.1
8.400e-07,-0.125
8.440e-07,-0.075
8.480e-07,-0.125
8.520e-07,-0.125
8.560e-07,-0.125
8.600e-07,-0.125
8.640e-07,-0.15
8.680e-07,-0.15
8.720e-07,-0.15
8.760e-07,-0.125
8.800e-07,-0.125
8.840e-07,-0.15
8.880e-07,-0.15
8.920e-07,-0.125
8.960e-07,-0.125
9.000e-07,-0.15
9.040e-07,-0.15
9.080e-07,-0.125
9.120e-07,-0.15
9.160e-07,-0.15
9.200e-07,-0.15
9.240e-07,-0.15
9.280e-07,-0.125
9.320e-07,-0.125
9.360e-07,-0.15
9.400e-07,-0.15
9.440e-07,-0.15
9.480e-07,-0.125
9.520e-07,-0.15
9.560e-07,-0.125
9.600e-07,-0.125
9.640e-07,-0.125
9.680e-07,-0.125
9.720e-07,-0.1
9.760e-07,-0.075
9.800e-07,-0.075
9.840e-07,-0.1
9.880e-07,-0.075
9.920e-07,-0.075
9.960e-07,-0.075
1.000e-06,-0.075
1.004e-06,-0.05
1.008e-06,-0.075
1.012e-06,-0.05
1.016e-06,-0.05
1.020e-06,-0.05
1.024e-06,-0.05
1.028e-06,-0.025
1.032e-06,-0.025
1.036e-06,0
1.040e-06,-0.025
1.044e-06,-0.025
1.048e-06,0
1.052e-06,-0.025
1.056e-06,0
1.060e-06,0
1.064e-06,0.025
1.068e-06,0.025
1.072e-06,0.025
1.076e-06,0.025
1.080e-06,0.025
1.084e-06,0.05
1.088e-06,0.075
1.092e-06,0.075
1.096e-06,0.075
1.100e-06,0.075
1.104e-06,0.075
1.108e-06,0.05
1.112e-06,0.075
1.116e-06,0.075
1.120e-06,0.1
1.124e-06,0.1
1.128e-06,0.075
1.132e-06,0.1
1.136e-06,0.1
1.140e-06,0.1
1.144e-06,0.125
1.148e-06,0.1
1.152e-06,0.125
1.156e-06,0.125
1.160e-06,0.125
1.164e-06,0.15
1.168e-06,0.125
1.172e-06,0.15
1.176e-06,0.15
1.180e-06,0.15
1.184e-06,0.125
1.188e-06,0.125
1.192e-06,0.15
1.196e-06,0.125
1.200e-06,0.125
1.204e-06,0.125
1.208e-06,0.15
1.212e-06,0.15
1.216e-06,0.125
1.220e-06,0.125
1.224e-06,0.15
1.228e-06,0.175
1.232e-06,0.125
1.236e-06,0.15
1.240e-06,0.125
1.244e-06,0.125
1.248e-06,0.15
1.252e-06,0.1
1.256e-06,0.1
1.260e-06,0.1
1.264e-06,0.125
1.268e-06,0.125
1.272e-06,0.1
1.276e-06,0.125
1.280e-06,0.1
1.284e-06,0.1
1.288e-06,0.1
1.292e-06,0.075
1.296e-06,0.075
1.300e-06,0.075
1.304e-06,0.05
1.308e-06,0.075
1.312e-06,0.075
1.316e-06,0.05
1.320e-06,0.05
1.324e-06,0.05
1.328e-06,0.05
1.332e-06,0.05
1.336e-06,0.025
1.340e-06,0.025
1.344e-06,0.025
1.348e-06,0
1.352e-06,0.025
1.356e-06,0
1.360e-06,0
1.364e-06,0
1.368e-06,-0.025
1.372e-06,-0.025
1.376e-06,-0.05
1.380e-06,-0.05
1.384e-06,-0.05
1.388e-06,-0.05
1.392e-06,-0.05
1.396e-06,-0.05
1.400e-06,-0.05
1.404e-06,-0.075
1.408e-06,-0.075
1.412e-06,-0.1
1.416e-06,-0.075
1.420e-06,-0.075
1.424e-06,-0.1
1.428e-06,-0.1
1.432e-06,-0.075
1.436e-06,-0.125
1.440e-06,-0.1
1.444e-06,-0.1
1.448e-06,-0.125
1.452e-06,-0.125
1.456e-06,-0.125
1.460e-06,-0.125
1.464e-06,-0.125
1.468e-06,-0.125
1.472e-06,-0.125
1.476e-06,-0.125
1.480e-06,-0.125
1.484e-06,-0.125
1.488e-06,-0.15
1.492e-06,-0.125
1.496e-06,-0.15
1.500e-06,-0.15
1.504e-06,-0.125
1.508e-06,-0.15
1.512e-06,-0.125
1.516e-06,-0.15
1.520e-06,-0.15
1.524e-06,-0.125
1.528e-06,-0.125
1.532e-06,-0.125
1.536e-06,-0.15
1.540e-06,-0.125
1.544e-06,-0.1
1.548e-06,-0.125
1.552e-06,-0.1
1.556e-06,-0.125
1.560e-06,-0.125
1.564e-06,-0.125
1.568e-06,-0.1
1.572e-06,-0.1
1.576e-06,-0.1
1.580e-06,-0.075
1.584e-06,-0.1
1.588e-06,-0.1
1.592e-06,-0.05
1.596e-06,-0.1
1.600e-06,-0.075
1.604e-06,-0.05
1.608e-06,-0.05
1.612e-06,-0.05
1.616e-06,-0.075
1.620e-06,-0.025
1.624e-06,-0.05
1.628e-06,-0.025
1.632e-06,-0.025
1.636e-06,-0.025
1.640e-06,0
1.644e-06,0
1.648e-06,0.025
1.652e-06,0
1.656e-06,0.025
1.660e-06,0.05
1.664e-06,0.025
1.668e-06,0.025
1.672e-06,0.025
1.676e-06,0.05
1.680e-06,0.025
1.684e-06,0.05
1.688e-06,0.05
1.692e-06,0.075
1.696e-06,0.075
1.700e-06,0.075
1.704e-06,0.1
1.708e-06,0.1
1.712e-06,0.1
1.716e-06,0.1
1.720e-06,0.1
1.724e-06,0.1
1.728e-06,0.125
1.732e-06,0.1
1.736e-06,0.1
1.740e-06,0.1
1.744e-06,0.1
1.748e-06,0.125
1.752e-06,0.125
1.756e-06,0.125
1.760e-06,0.125
1.764e-06,0.15
1.768e-06,0.15
1.772e-06,0.125
1.776e-06,0.15
1.780e-06,0.15
1.784e-06,0.15
1.788e-06,0.15
1.792e-06,0.15
1.796e-06,0.125
1.800e-06,0.15
1.804e-06,0.15
1.808e-06,0.125
1.812e-06,0.125
1.816e-06,0.125
1.820e-06,0.125
1.824e-06,0.15
1.828e-06,0.15
1.832e-06,0.125
1.836e-06,0.125
1.840e-06,0.15
1.844e-06,0.125
1.848e-06,0.15
1.852e-06,0.125
1.856e-06,0.125
1.860e-06,0.125
1.864e-06,0.1
1.868e-06,0.1
1.872e-06,0.1
1.876e-06,0.075
1.880e-06,0.075
1.884e-06,0.075
1.888e-06,0.1
1.892e-06,0.075
1.896e-06,0.05
1.900e-06,0.075
1.904e-06,0.05
1.908e-06,0.05
1.912e-06,0.05
1.916e-06,0.025
1.920e-06,0.05
1.924e-06,0.025
1.928e-06,0
1.932e-06,0.025
1.936e-06,-0.025
1.940e-06,0
1.944e-06,0
1.948e-06,-0.025
1.952e-06,-0.025
1.956e-06,-0.025
1.960e-06,-0.05
1.964e-06,-0.05
1.968e-06,-0.05
1.972e-06,-0.025
1.976e-06,-0.05
1.980e-06,-0.05
1.984e-06,-0.075
1.988e-06,-0.075
1.992e-06,-0.075
1.996e-06,-0.1
2.000e-06,-0.075
2.004e-06,-0.1
2.008e-06,-0.1
2.012e-06,-0.1
2.016e-06,-0.125
2.020e-06,-0.1
2.024e-06,-0.125
2.028e-06,-0.125
2.032e-06,-0.125
2.036e-06,-0.1
2.040e-06,-0.125
2.044e-06,-0.125
2.048e-06,-0.125
2.052e-06,-0.15
2.056e-06,-0.15
2.060e-06,-0.15
2.064e-06,-0.15
2.068e-06,-0.125
2.072e-06,-0.15
2.076e-06,-0.15
2.080e-06,-0.125
2.084e-06,-0.15
2.088e-06,-0.15
2.092e-06,-0.15
2.096e-06,-0.175
2.100e-06,-0.15
2.104e-06,-0.15
2.108e-06,-0.125
2.112e-06,-0.15
2.116e-06,-0.15
2.120e-06,-0.125
2.124e-06,-0.15
2.128e-06,-0.15
2.132e-06,-0.125
2.136e-06,-0.125
2.140e-06,-0.125
2.144e-06,-0.125
2.148e-06,-0.1
2.152e-06,-0.1
2.156e-06,-0.125
2.160e-06,-0.1
2.164e-06,-0.1
2.168e-06,-0.1
2.172e-06,-0.1
2.176e-06,-0.1
2.180e-06,-0.1
2.184e-06,-0.075
2.188e-06,-0.1
2.192e-06,-0.075
2.196e-06,-0.075
2.200e-06,-0.05
2.204e-06,-0.025
2.208e-06,-0.05
2.212e-06,-0.025
2.216e-06,-0.025
2.220e-06,-0.025
2.224e-06,-0.025
2.228e-06,-0.025
2.232e-06,0
2.236e-06,0
2.240e-06,-0.025
2.244e-06,0
2.248e-06,0.025
2.252e-06,0
2.256e-06,0.025
2.260e-06,0.025
2.264e-06,0.05
2.268e-06,0.025
2.272e-06,0.05
2.276e-06,0.05
2.280e-06,0.075
2.284e-06,0.075
2.288e-06,0.075
2.292e-06,0.075
2.296e-06,0.075
2.300e-06,0.1
2.304e-06,0.05
2.308e-06,0.05
2.312e-06,0.1
2.316e-06,0.1
2.320e-06,0.1
2.324e-06,0.1
2.328e-06,0.1
2.332e-06,0.125
2.336e-06,0.1
2.340e-06,0.15
2.344e-06,0.1
2.348e-06,0.1
2.352e-06,0.1
2.356e-06,0.1
2.360e-06,0.125
2.364e-06,0.1
2.368e-06,0.125
2.372e-06,0.125
2.376e-06,0.125
2.380e-06,0.1
2.384e-06,0.125
2.388e-06,0.1
2.392e-06,0.125
2.396e-06,0.1
2.400e-06,0.075
2.404e-06,0.1
2.408e-06,0.1
2.412e-06,0.1
2.416e-06,0.125
2.420e-06,0.1
2.424e-06,0.075
2.428e-06,0.075
2.432e-06,0.1
2.436e-06,0.075
2.440e-06,0.05
2.444e-06,0.075
2.448e-06,0.05
2.452e-06,0.025
2.456e-06,0.05
2.460e-06,0.05
2.464e-06,0.05
2.468e-06,0.05
2.472e-06,0.025
2.476e-06,0.025
2.480e-06,0.025
2.484e-06,0.025
2.488e-06,0
2.492e-06,0.025
2.496e-06,0
2.500e-06,0
2.504e-06,-0.025
2.508e-06,-0.025
2.512e-06,0
2.516e-06,-0.025
2.520e-06,-0.05
2.524e-06,-0.025
2.528e-06,-0.05
2.532e-06,-0.05
2.536e-06,-0.075
2.540e-06,-0.05
2.544e-06,-0.05
2.548e-06,-0.05
2.552e-06,-0.05
2.556e-06,-0.075
2.560e-06,-0.075
2.564e-06,-0.075
2.568e-06,-0.075
2.572e-06,-0.075
2.576e-06,-0.075
2.580e-06,-0.1
2.584e-06,-0.1
2.588e-06,-0.075
2.592e-06,-0.075
2.596e-06,-0.1
2.600e-06,-0.1
2.604e-06,-0.075
2.608e-06,-0.1
2.612e-06,-0.1
2.616e-06,-0.1
2.620e-06,-0.1
2.624e-06,-0.1
2.628e-06,-0.1
2.632e-06,-0.1
2.636e-06,-0.1
2.640e-06,-0.1
2.644e-06,-0.1
2.648e-06,-0.075
2.652e-06,-0.1
2.656e-06,-0.1
2.660e-06,-0.1
2.664e-06,-0.1
2.668e-06,-0.1
2.672e-06,-0.075
2.676e-06,-0.075
2.680e-06,-0.1
2.684e-06,-0.075
2.688e-06,-0.1
2.692e-06,-0.075
2.696e-06,-0.075
2.700e-06,-0.075
2.704e-06,-0.075
2.708e-06,-0.05
2.712e-06,-0.075
2.716e-06,-0.05
2.720e-06,-0.075
2.724e-06,-0.05
2.728e-06,-0.05
2.732e-06,-0.025
2.736e-06,-0.05
2.740e-06,-0.05
2.744e-06,-0.025
2.748e-06,-0.025
2.752e-06,-0.025
2.756e-06,-0.025
2.760e-06,-0.025
2.764e-06,-0.025
2.768e-06,0
2.772e-06,0
2.776e-06,0
2.780e-06,0
2.784e-06,0
2.788e-06,0
2.792e-06,0
2.796e-06,0
2.800e-06,0
2.804e-06,0
2.808e-06,0
2.812e-06,0
2.816e-06,0
2.820e-06,0.05
2.824e-06,0.025
2.828e-06,0.025
2.832e-06,0.025
2.836e-06,0.05
2.840e-06,0.025
2.844e-06,0.05
2.848e-06,0.05
2.852e-06,0.05
2.856e-06,0.05
2.860e-06,0.05
2.864e-06,0.05
2.868e-06,0.05
2.872e-06,0.05
2.876e-06,0.05
2.880e-06,0.05
2.884e-06,0.05
2.888e-06,0.075
2.892e-06,0.075
2.896e-06,0.05
2.900e-06,0.05
2.904e-06,0.05
2.908e-06,0.05
2.912e-06,0.05
2.916e-06,0.05
2.920e-06,0.05
2.924e-06,0.05
2.928e-06,0.05
2.932e-06,0.05
2.936e-06,0.05
2.940e-06,0.05
2.944e-06,0.025
2.948e-06,0.05
2.952e-06,0.025
2.956e-06,0.025
2.960e-06,0.025
2.964e-06,0
2.968e-06,0.025
2.972e-06,0.025
2.976e-06,0.025
2.980e-06,0
2.984e-06,0.025
2.988e-06,0
2.992e-06,0.025
2.996e-06,0.025
3.000e-06,0.025
3.004e-06,0
3.008e-06,0
3.012e-06,0
3.016e-06,0
3.020e-06,0
3.024e-06,-0.025
3.028e-06,0.025
3.032e-06,-0.025
3.036e-06,-0.025
3.040e-06,0
3.044e-06,-0.025
3.048e-06,0
3.052e-06,-0.025
3.056e-06,0
3.060e-06,-0.025
3.064e-06,-0.025
3.068e-06,-0.025
3.072e-06,-0.05
3.076e-06,-0.025
3.080e-06,0
3.084e-06,-0.025
3.088e-06,-0.025
3.092e-06,-0.025
3.096e-06,-0.025
3.100e-06,-0.025
3.104e-06,-0.025
3.108e-06,-0.025
3.112e-06,-0.025
3.116e-06,-0.025
3.120e-06,0
3.124e-06,-0.025
3.128e-06,-0.025
3.132e-06,-0.025
3.136e-06,-0.025
3.140e-06,-0.025
3.144e-06,-0.025
3.148e-06,-0.025
3.152e-06,-0.025
3.156e-06,-0.025
3.160e-06,0
3.164e-06,-0.025
3.168e-06,-0.025
3.172e-06,-0.025
3.176e-06,-0.025
3.180e-06,-0.025
3.184e-06,-0.025
3.188e-06,-0.025
3.192e-06,-0.025
3.196e-06,-0.025
3.200e-06,-0.025
3.204e-06,-0.025
3.208e-06,0
3.212e-06,0
3.216e-06,0
3.220e-06,0
3.224e-06,0
3.228e-06,0
3.232e-06,0
3.236e-06,0
3.240e-06,0
3.244e-06,0
3.248e-06,0
3.252e-06,0
3.256e-06,0
3.260e-06,0
3.264e-06,0
3.268e-06,0
3.272e-06,0
3.276e-06,0
3.280e-06,0
3.284e-06,0.025
3.288e-06,0.025
3.292e-06,0.025
3.296e-06,0
3.300e-06,0
3.304e-06,0.025
3.308e-06,0
3.312e-06,0
3.316e-06,0
3.320e-06,0.025
3.324e-06,0.025
3.328e-06,0
3.332e-06,0
3.336e-06,0
3.340e-06,0
3.344e-06,0
3.348e-06,0
3.352e-06,0.025
3.356e-06,0
3.360e-06,0.025
3.364e-06,0.025
3.368e-06,0.025
3.372e-06,0.025
3.376e-06,0
3.380e-06,0
3.384e-06,0
3.388e-06,0.025
3.392e-06,0
3.396e-06,0
3.400e-06,0
3.404e-06,0
3.408e-06,-0.025
3.412e-06,-0.025
3.416e-06,0
3.420e-06,0
3.424e-06,0
3.428e-06,0
3.432e-06,0
3.436e-06,0
3.440e-06,0
3.444e-06,0
3.448e-06,-0.025
3.452e-06,0
3.456e-06,0
3.460e-06,0
3.464e-06,-0.025
3.468e-06,-0.025
3.472e-06,0
3.476e-06,-0.025
3.480e-06,-0.025
3.484e-06,0
3.488e-06,0
3.492e-06,0
3.496e-06,0
3.500e-06,0
3.504e-06,0
3.508e-06,0
3.512e-06,-0.025
3.516e-06,0
3.520e-06,-0.025
3.524e-06,0
3.528e-06,-0.025
3.532e-06,0
3.536e-06,0
3.540e-06,-0.025
3.544e-06,0
3.548e-06,-0.025
3.552e-06,0
3.556e-06,-0.025
3.560e-06,-0.025
3.564e-06,-0.025
3.568e-06,0
3.572e-06,0
3.576e-06,0
3.580e-06,0
3.584e-06,0
3.588e-06,0
3.592e-06,0
3.596e-06,0
3.600e-06,0
3.604e-06,-0.025
3.608e-06,0
3.612e-06,-0.025
3.616e-06,0
3.620e-06,-0.025
3.624e-06,0
3.628e-06,0
3.632e-06,0
3.636e-06,0
3.640e-06,-0.025
3.644e-06,-0.025
3.648e-06,-0.025
3.652e-06,0.025
3.656e-06,0
3.660e-06,0.025
3.664e-06,0
3.668e-06,0
3.672e-06,0.025
3.676e-06,0.025
3.680e-06,0.025
3.684e-06,0.025
3.688e-06,0.025
3.692e-06,0.025
3.696e-06,0.025
3.700e-06,0.025
3.704e-06,0.025
3.708e-06,0
3.712e-06,0
3.716e-06,0
3.720e-06,0.025
3.724e-06,0
3.728e-06,0.025
3.732e-06,0
3.736e-06,0.025
3.740e-06,0
3.744e-06,0.025
3.748e-06,0.025
3.752e-06,0.025
3.756e-06,0
3.760e-06,0
3.764e-06,0.025
3.768e-06,0
3.772e-06,0.025
3.776e-06,0
3.780e-06,0.025
3.784e-06,0
3.788e-06,0
3.792e-06,0.025
3.796e-06,0.025
3.800e-06,0
3.804e-06,0
3.808e-06,0.025
3.812e-06,0
3.816e-06,0
3.820e-06,0
3.824e-06,0
3.828e-06,0
3.832e-06,0
3.836e-06,0
3.840e-06,0
3.844e-06,0
3.848e-06,0
3.852e-06,-0.025
3.856e-06,0
3.860e-06,0
3.864e-06,0
3.868e-06,-0.025
3.872e-06,0
3.876e-06,0
3.880e-06,-0.025
3.884e-06,-0.025
3.888e-06,0
3.892e-06,0
3.896e-06,-0.025
3.900e-06,-0.025
3.904e-06,-0.025
3.908e-06,-0.025
3.912e-06,0
3.916e-06,0
3.920e-06,0
3.924e-06,-0.025
3.928e-06,-0.025
3.932e-06,0
3.936e-06,0
3.940e-06,0
3.944e-06,-0.025
3.948e-06,0
3.952e-06,0
3.956e-06,-0.025
3.960e-06,-0.025
3.964e-06,-0.025
3.968e-06,-0.025
3.972e-06,-0.025
3.976e-06,-0.025
3.980e-06,-0.025
3.984e-06,0
3.988e-06,0
3.992e-06,0
3.996e-06,-0.025
4.000e-06,0
4.004e-06,-0.025
4.008e-06,-0.025
4.012e-06,-0.025
4.016e-06,-0.025
4.020e-06,-0.05
4.024e-06,-0.025
4.028e-06,-0.025
4.032e-06,0
4.036e-06,0
4.040e-06,0
4.044e-06,0
4.048e-06,0
4.052e-06,-0.025
4.056e-06,-0.025
4.060e-06,0
4.064e-06,0
4.068e-06,0
4.072e-06,0
4.076e-06,-0.025
4.080e-06,-0.025
4.084e-06,-0.025
4.088e-06,0
4.092e-06,0
4.096e-06,0
4.100e-06,-0.025
4.104e-06,0
4.108e-06,0
4.112e-06,0
4.116e-06,0
4.120e-06,0
4.124e-06,0
4.128e-06,0
4.132e-06,0
4.136e-06,0
4.140e-06,-0.025
4.144e-06,0
4.148e-06,0
4.152e-06,0
4.156e-06,0
4.160e-06,0
4.164e-06,-0.025
4.168e-06,0
4.172e-06,-0.025
4.176e-06,-0.025
4.180e-06,0
4.184e-06,0
4.188e-06,-0.025
4.192e-06,0
4.196e-06,-0.025
4.200e-06,0
4.204e-06,0
4.208e-06,0
4.212e-06,0
4.216e-06,0
4.220e-06,-0.025
4.224e-06,0
4.228e-06,-0.025
4.232e-06,-0.025
4.236e-06,0
4.240e-06,0
4.244e-06,0
4.248e-06,0
4.252e-06,0
4.256e-06,0
4.260e-06,0
4.264e-06,0
4.268e-06,0
4.272e-06,0
4.276e-06,-0.025
4.280e-06,0
4.284e-06,0
4.288e-06,0
4.292e-06,0
4.296e-06,0
4.300e-06,0
4.304e-06,0
4.308e-06,-0.025
4.312e-06,0
4.316e-06,0
4.320e-06,0.025
4.324e-06,-0.025
4.328e-06,0
4.332e-06,0
4.336e-06,-0.025
4.340e-06,-0.025
4.344e-06,-0.025
4.348e-06,0
4.352e-06,0
4.356e-06,0
4.360e-06,0
4.364e-06,0
4.368e-06,0
4.372e-06,0
4.376e-06,0
4.380e-06,0
4.384e-06,-0.025
4.388e-06,0
4.392e-06,-0.025
4.396e-06,0
4.400e-06,-0.025
4.404e-06,0
4.408e-06,0
4.412e-06,-0.025
4.416e-06,0
4.420e-06,0
4.424e-06,-0.025
4.428e-06,0
4.432e-06,-0.025
4.436e-06,-0.025
4.440e-06,-0.025
4.444e-06,0
4.448e-06,0
4.452e-06,-0.025
4.456e-06,0
4.460e-06,0
4.464e-06,0
4.468e-06,-0.025
4.472e-06,0
4.476e-06,0
4.480e-06,-0.025
4.484e-06,0
4.488e-06,0
4.492e-06,0
4.496e-06,0
4.500e-06,-0.025
4.504e-06,0
4.508e-06,0
4.512e-06,0
4.516e-06,0
4.520e-06,0
4.524e-06,0
4.528e-06,-0.025
4.532e-06,-0.025
4.536e-06,0
4.540e-06,0
4.544e-06,0
4.548e-06,-0.025
4.552e-06,-0.025
4.556e-06,0
4.560e-06,0
4.564e-06,0
4.568e-06,-0.025
4.572e-06,0
4.576e-06,0
4.580e-06,-0.025
4.584e-06,-0.025
4.588e-06,-0.025
4.592e-06,0
4.596e-06,0
4.600e-06,-0.025
4.604e-06,-0.025
4.608e-06,0
4.612e-06,0
4.616e-06,0
4.620e-06,-0.025
4.624e-06,-0.025
4.628e-06,0
4.632e-06,-0.025
4.636e-06,0
4.640e-06,0
4.644e-06,-0.025
4.648e-06,0
4.652e-06,-0.025
4.656e-06,-0.025
4.660e-06,-0.025
4.664e-06,-0.05
4.668e-06,-0.025
4.672e-06,-0.025
4.676e-06,-0.025
4.680e-06,0
4.684e-06,0
4.688e-06,-0.05
4.692e-06,0
4.696e-06,-0.025
4.700e-06,-0.025
4.704e-06,-0.025
4.708e-06,-0.025
4.712e-06,0
4.716e-06,-0.025
4.720e-06,0
4.724e-06,-0.025
4.728e-06,0
4.732e-06,-0.025
4.736e-06,-0.025
4.740e-06,-0.025
4.744e-06,0
4.748e-06,-0.025
4.752e-06,0
4.756e-06,-0.025
4.760e-06,-0.025
4.764e-06,-0.05
4.768e-06,0
4.772e-06,-0.025
4.776e-06,0
4.780e-06,0
4.784e-06,0
4.788e-06,-0.025
4.792e-06,0
4.796e-06,0
4.800e-06,-0.025
4.804e-06,-0.025
4.808e-06,-0.025
4.812e-06,0
4.816e-06,-0.025
4.820e-06,-0.025
4.824e-06,0
4.828e-06,0
4.832e-06,0
4.836e-06,-0.025
4.840e-06,0
4.844e-06,0.025
4.848e-06,0
4.852e-06,0
4.856e-06,-0.025
4.860e-06,0
4.864e-06,0
4.868e-06,0
4.872e-06,0
4.876e-06,0
4.880e-06,0
4.884e-06,0
4.888e-06,0
4.892e-06,0.025
4.896e-06,-0.025
4.900e-06,0
4.904e-06,0
4.908e-06,0
4.912e-06,0
4.916e-06,0
4.920e-06,0
4.924e-06,0.025
4.928e-06,0
4.932e-06,0.025
4.936e-06,0.025
4.940e-06,0
4.944e-06,0.025
4.948e-06,0.025
4.952e-06,-0.025
4.956e-06,0
4.960e-06,0
4.964e-06,0
4.968e-06,0.025
4.972e-06,0
4.976e-06,0
4.980e-06,0
4.984e-06,0
4.988e-06,0
4.992e-06,0
4.996e-06,0
5.000e-06,-0.025
5.004e-06,0
5.008e-06,0
5.012e-06,0
5.016e-06,0
5.020e-06,0
5.024e-06,0
5.028e-06,0
5.032e-06,0.025
5.036e-06,0
5.040e-06,0
5.044e-06,0
5.048e-06,-0.025
5.052e-06,0
5.056e-06,-0.025
5.060e-06,-0.025
5.064e-06,0
5.068e-06,0
5.072e-06,0
5.076e-06,0
5.080e-06,-0.025
5.084e-06,0
5.088e-06,0.025
5.092e-06,0
5.096e-06,0
5.100e-06,-0.025
5.104e-06,0
5.108e-06,-0.025
5.112e-06,-0.025
5.116e-06,-0.025

